StartDate,EndDate,Status,IPAddress,Progress,Duration (in seconds),Finished,RecordedDate,ResponseId,RecipientLastName,RecipientFirstName,RecipientEmail,ExternalReference,LocationLatitude,LocationLongitude,DistributionChannel,UserLanguage,Q4,Q5_1,Q5_2,Q17,Q27,Q18_5,Q29,Q30,Q31,Q32,Q33,Q156,Q155,Q37,Q36,Q35,Q40,Q41,Q42,Q52,Q44,Q45,Q49,Q50,Q51,Q53,Q54,Q55,Q57,Q58,Q59,Q61,Q62,Q63,Q79,Q80,Q81,Q81,Q82,Q83,Q160,Q84,Q93,Q94,Q95,Q159,Q96,Q92,Q94,Q95,Q96,Q97,Q99,Q100,Q101,Q102,Q103,Q105,Q106,Q107,Q108,Q109,Q122,Q123,Q124,Q125,Q127,Q126,Q129,Q130,Q131,Q132,Q134,Q135,Q136,Q137,Q138,Q139,Q141,Q142,Q143,Q144,Q134,Q160,Q135,Q118 - Topics
Start Date,End Date,Response Type,IP Address,Progress,Duration (in seconds),Finished,Recorded Date,Response ID,Recipient Last Name,Recipient First Name,Recipient Email,External Data Reference,Location Latitude,Location Longitude,Distribution Channel,User Language,פרטים דמוגרפיים,פרטים דמוגרפיים - גיל,"פרטים דמוגרפיים - שנות ניסיון בתכנות 

(כולל צבא אם רלוונטי)",האם הינך סטודנט בתחום הקשור לתוכנה/מחשב?,לאיזה תואר אתה לומד?,מהי שנת הלימוד שלך לתואר - בחר,האם את מכיר את המשחק?,"דרגת קושי המשחק תלויה בממדי הלוח ובמספר המוקשים בו. כתוב חתימה לפונקציה שמקבלת את הפרמטרים הנ""ל ומחזירה את דרגת הקושי של המשחק.",איך תקרא למשתנה שמחזיק את זמן המשחק?,"נחזיק מבנה נתונים שמתאים לכל משבצת בלוח מספר באופן הבא:​
​• 1- אם המשבצת מכילה מוקש.
• מספר המוקשים במשבצות הצמודות אליה, אחרת.

איזה שם תיתן בקוד שלך למבנה נתונים זה?","מה לדעתך עושה הממשק הבא:

(expose(row, col",Are you familiar with this game?,"The game’s level of difficulty depends on the grid size and the number of mines in it.

Write a function signature for a function which receives the above parameters and returns the level of difficulty of the game.",How would you call the variable which holds the game time?,"We will have a data structure which assigns a number to each square in the board as follows:

• -1 if the square contains a mine

• The number of mines in the adjacent squares otherwise

How will you name this data structure?","What do you think is the function of the following interface:

expose(row, col)",מה לדעתך עושה הממשק?,מה תפקידו של פרמטר hours?,מה תפקידו של פרמטר rate?,ממשו את הממשק.,תנו שם לקבוע 45:,תנו שם למשתנה עבור ערך השכר לשעה בשעות הנוספות:,What do you think the interface does?,What is the purpose of hours parameter?,What is the purpose of rate parameter?,Implement the interface.,Name the constant containing the value 45:,Name the variable for the hourly wage during overtime pay:,איך תקרא למשתנה שמציין היכן הגבינה היום?,איך תקרא למשתנה (או למבנה הנתונים) שעוקב אחרי איפה הוא כבר היה?,איך תקרא למבנה הנתונים שמתאר את המבוך?,How would you call the variable holding the location of the cheese today?,How would you call the variable (or data structure) keeping track of where has he already visited?,How would you call the data structure describing the maze?,How would you call the variable holding the location of the cheese today?,How would you call the variable (or data structure) keeping track of where has he already visited?,How would you call the data structure describing the labyrinth?,How would you name the variable (or data structure) describing the current state of the game board?,"The implementation includes a function make_turn(int row, int col)
What do you think it does?","What is the purpose of the ""row"" parameter?","What is the purpose of the ""col"" parameter?",Playing requires displaying the board to the user. Propose a function signature for this purpose (function name + parameters),How would you name the variable (or data structure) describing the current state of the game grid?,"The implementation includes a function make_turn(int row, int col)
What do you think it does?","What is the purpose of the ""row"" parameter?","What is the purpose of the ""col"" parameter?",Playing requires displaying the grid to the user. Propose a function signature for this purpose (function name + parameters),מה יהיה שם המשתנה (או מבנה הנתונים) שמתאר/מחזיק את מצב לוח המשחק כרגע?,"במימוש יש פונקציה

make_turn(int row, int col)

למה לדעתך היא משמשת?",מה תפקיד של הפרמטר row?,מה תפקיד של הפרמטר col?,כדי לשחק צריך להציג את הלוח למשתמש. הצע חתימה לפונקציה שעושה זאת (שם פונקציה + פרמטרים).,The implementation contains a class which describes a file within the system. How would you name the field describing the file’s size?,"The implementation contains a function arrangeFilesByName(files)

In your opinion, what does it do?",What is the role of the parameter? what is its type?,What do you think it returns?,"The implementation includes a function that receives a file, by how much we want to increase it, and the available space on the disk, and checks whether there is enough space. Suggest a signature for this function.",במימוש יש מחלקה המתארת קובץ במערכת. מה לדעתך יהיה שם השדה המתאר את גודל הקובץ?,"במימוש יש פונקציה
arrangeFilesByName(files)
למה לדעתך היא משמשת?",מה תפקיד הפרמטר? מה טיפוסו?,מה לדעתך היא מחזירה?,"במימוש יש פונקציה שמקבלת קובץ, בכמה רוצים להגדיל אותו, ואת השטח הפנוי בדיסק, ובודקת האם יש מספיק מקום. הצע חתימה לפונקציה הזו.",What does this code do?,Replace var1 with a name you would have used.,Replace var2 with a name you would have used.,Replace var3 with a name you would have used.,How would you call the variable describing the state of the elevator’s door (open/closed)?,"Stav wants to check whether the code was properly corrected. She goes into the elevator on the 0 ground floor and presses all the buttons together. It is expected that the elevator will rise and open at each floor.
Write a pseudo code loop that passes all the floors in ascending order from floor 0 and opens the door on each floor.",מה עושה קטע קוד זה?,החלף var1 בשם בו אתה היית משתמש.,החלף var2 בשם בו אתה היית משתמש.,החלף var3 בשם בו אתה היית משתמש.,איך הייתם קוראים למשתנה שמתאר את מצב הדלת (פתוחה/סגורה)?,"סתיו רוצה לבדוק אם תיקנה כמו שצריך את הקוד. היא נכנסת למעלית בקומה 0 התחתונה ולוחצת על כל הכפתורים יחדיו. הציפיה היא שהמעלית תעלה ותיפתח קומה קומה.

כתבו פסאודו קוד של לולאה שעוברת על כל הקומות בסדר עולה החל מקומה 0 ופותחת את הדלת בכל קומה.",Name the constant holding the value 4 according to its purpose.,Name the constant holding the value 2000 according to its purpose.,Name the variable holding the number of benefits the client is entitled to during the current month.,"When a customer wants to use a benefit, the system executes a function which works as follows:

Input:

   Number of benefits the customer is entitled to during the current month

   Number of benefits the customer has used during the current month

The function calculates the difference, and returns TRUE if the balance is positive.

Write a function signature for this function.",תנו שם לקבוע שמחזיק את המספר 4 בהתאם לתפקידו.,תנו שם לקבוע שמחזיק את המספר 2000 בהתאם לתפקידו.,תנו שם משתנה למספר הפינוקים להם זכאי הלקוח בחודש הנוכחי.,"כאשר משתמש רוצה לנצל פינוק, המערכת מפעילה פונקציה שפועלת כך:

מקבלת:

  כמה פינוקים אותו הלקוח זכאי החודש

  כמה פינוקים אותו הלקוח ניצל החודש

הפונקציה מחשבת את ההפרש. אם היתרה חיובית הפונקציה מחזירה TRUE.

כתבו חתימה לפונקציה הזו.",האם השתמשת במודל בעת מילוי השאלון?,"האם בעת מילוי השאלון השתמשת בכלי עזר כדי לבצע את שלבי המודל (דף,כתבן וכו...)?",האם הרגשת שהמודל עזר לך בבחירת השמות?,Q118 - Topics
"{""ImportId"":""startDate"",""timeZone"":""America/Denver""}","{""ImportId"":""endDate"",""timeZone"":""America/Denver""}","{""ImportId"":""status""}","{""ImportId"":""ipAddress""}","{""ImportId"":""progress""}","{""ImportId"":""duration""}","{""ImportId"":""finished""}","{""ImportId"":""recordedDate"",""timeZone"":""America/Denver""}","{""ImportId"":""_recordId""}","{""ImportId"":""recipientLastName""}","{""ImportId"":""recipientFirstName""}","{""ImportId"":""recipientEmail""}","{""ImportId"":""externalDataReference""}","{""ImportId"":""locationLatitude""}","{""ImportId"":""locationLongitude""}","{""ImportId"":""distributionChannel""}","{""ImportId"":""userLanguage""}","{""ImportId"":""QID4""}","{""ImportId"":""QID5_1""}","{""ImportId"":""QID5_2""}","{""ImportId"":""QID17""}","{""ImportId"":""QID33""}","{""ImportId"":""QID18_5""}","{""ImportId"":""QID35""}","{""ImportId"":""QID36_TEXT""}","{""ImportId"":""QID37_TEXT""}","{""ImportId"":""QID38_TEXT""}","{""ImportId"":""QID39_TEXT""}","{""ImportId"":""QID162""}","{""ImportId"":""QID161_TEXT""}","{""ImportId"":""QID43_TEXT""}","{""ImportId"":""QID42_TEXT""}","{""ImportId"":""QID41_TEXT""}","{""ImportId"":""QID46_TEXT""}","{""ImportId"":""QID47_TEXT""}","{""ImportId"":""QID48_TEXT""}","{""ImportId"":""QID58_TEXT""}","{""ImportId"":""QID50_TEXT""}","{""ImportId"":""QID51_TEXT""}","{""ImportId"":""QID55_TEXT""}","{""ImportId"":""QID56_TEXT""}","{""ImportId"":""QID57_TEXT""}","{""ImportId"":""QID59_TEXT""}","{""ImportId"":""QID60_TEXT""}","{""ImportId"":""QID61_TEXT""}","{""ImportId"":""QID63_TEXT""}","{""ImportId"":""QID64_TEXT""}","{""ImportId"":""QID65_TEXT""}","{""ImportId"":""QID67_TEXT""}","{""ImportId"":""QID68_TEXT""}","{""ImportId"":""QID69_TEXT""}","{""ImportId"":""QID79_TEXT""}","{""ImportId"":""QID80_TEXT""}","{""ImportId"":""QID81_TEXT""}","{""ImportId"":""QID87_TEXT""}","{""ImportId"":""QID88_TEXT""}","{""ImportId"":""QID89_TEXT""}","{""ImportId"":""QID166_TEXT""}","{""ImportId"":""QID90_TEXT""}","{""ImportId"":""QID93_TEXT""}","{""ImportId"":""QID94_TEXT""}","{""ImportId"":""QID95_TEXT""}","{""ImportId"":""QID165_TEXT""}","{""ImportId"":""QID96_TEXT""}","{""ImportId"":""QID98_TEXT""}","{""ImportId"":""QID100_TEXT""}","{""ImportId"":""QID101_TEXT""}","{""ImportId"":""QID102_TEXT""}","{""ImportId"":""QID103_TEXT""}","{""ImportId"":""QID105_TEXT""}","{""ImportId"":""QID106_TEXT""}","{""ImportId"":""QID107_TEXT""}","{""ImportId"":""QID108_TEXT""}","{""ImportId"":""QID109_TEXT""}","{""ImportId"":""QID111_TEXT""}","{""ImportId"":""QID112_TEXT""}","{""ImportId"":""QID113_TEXT""}","{""ImportId"":""QID114_TEXT""}","{""ImportId"":""QID115_TEXT""}","{""ImportId"":""QID128_TEXT""}","{""ImportId"":""QID129_TEXT""}","{""ImportId"":""QID130_TEXT""}","{""ImportId"":""QID131_TEXT""}","{""ImportId"":""QID133_TEXT""}","{""ImportId"":""QID132_TEXT""}","{""ImportId"":""QID135_TEXT""}","{""ImportId"":""QID136_TEXT""}","{""ImportId"":""QID137_TEXT""}","{""ImportId"":""QID138_TEXT""}","{""ImportId"":""QID140_TEXT""}","{""ImportId"":""QID141_TEXT""}","{""ImportId"":""QID142_TEXT""}","{""ImportId"":""QID143_TEXT""}","{""ImportId"":""QID144_TEXT""}","{""ImportId"":""QID145_TEXT""}","{""ImportId"":""QID147_TEXT""}","{""ImportId"":""QID148_TEXT""}","{""ImportId"":""QID149_TEXT""}","{""ImportId"":""QID150_TEXT""}","{""ImportId"":""QID179""}","{""ImportId"":""QID205""}","{""ImportId"":""QID180""}","{""ImportId"":""QID124_TEXT_4a0b05be77204c8ba2647788Topics""}"
2019-05-12 01:19:19,2019-05-12 01:38:45,IP Address,,100,1166,True,2019-05-12 01:38:45,R_1jq4kkR24E0A5Yh,,,,,,,anonymous,HE,זכר,25,2,כן,תואר ראשון,4,,,,,,,,,,,,,,,,,,,,,,,,,,,,,,,,,,,,,,,,,,,,,,,,,,,,,,,,,,,,,,,מקבל קומה נוכחית וקומת יעד רצויה ומזיז את המעלית בהתאם למעלה\למטה במספר הקומות המתאים.,destination_floor,current_floor,num_floors_to_move,door_status,"לכל קומה מ-קומה 0 עד-קומה אחרונה:
פתח דלת
סגור דלת
עלה קומה",,,,,MAX_BENEFITS_PER_MONTH,AMOUNT_PER_BENEFIT,num_benefits_available,is_available_benefit,כן,,כן,
2019-05-12 02:17:23,2019-05-12 02:40:59,IP Address,,100,1415,True,2019-05-12 02:40:59,R_3CHmQ8o39cvjaOJ,,,,,,,anonymous,HE,זכר,29,4,כן,תואר ראשון,4,,,,,,,,,,,,,,,,,,,,,,,,,,,,,,,,,,,,,,,,,,table_current_state,פונקציה המשמשת לביצוע מהלך בתוך המשחק. כלומר לקבוע באיזה מיקום לשים איקס או עיגול,לקבוע את מספר השורה שבה יוצב איקס או עיגול,לקבוע את מספר העמודה שבה יוצב איקס או עיגול,printTable(table_current_state),,,,,,file_size,"משמשת את המחלקה לניהול קבצים, למיין את סדר הופעת הקבצים לפי השם שלהם.","רשימת קבצים שאותה רוצים למיין, סוג מערך של char.","רשימה ממוינת של קבצים לפי השם של הקובץ (לפי הא""ב)","(enlargeFile(file, ,wanted_size, disk_free_space",,,,,door_state,,,,,,,,,,,,,,,,כן,לא,כן,
2019-05-12 02:18:32,2019-05-12 02:43:19,IP Address,,100,1486,True,2019-05-12 02:43:20,R_dgKcc07lPtxY2qZ,,,,,,,anonymous,HE,נקבה,23,3,כן,תואר ראשון,4,,,,,,Yes,"getDifficultyLevel(int gridSize, int minesNum)",gameTime,numOfAdjacentSquaresMines,"בודק האם במיקום הספיציפי של row, col יש מוקש",,,,,,,,,,,,,,,,,,,,,,,,,,,,,,,,,,,,,,,,,,file,סידור הקבצים לפי השם שלהם,"רשימת קבצים, רשימה של איברים מסוג קובץ- בעל שם וגודל. את הרשימה צריך למיין.",רשימת קבצים (רשימה של איברים מסוג קובץ) שממוין לפי השם של הקובץ,"checkCapacityForFile( File file, int newSize, int diskCapacity)",,,,,,,,,,,,,maxBenefitsVal,minValueToBenefit,curNumOfBenefits,"bool isBenefitForUser(int monthBenifits, int usedBenefits)",,,,,כן,לא,לא,
2019-05-12 09:20:14,2019-05-12 09:42:08,IP Address,,68,1313,False,2019-05-13 09:42:33,R_T5Dq2ZLawOiNPy1,,,,,,,anonymous,HE,זכר,27,3,כן,תואר ראשון,4,,,,,,,,,,,,,,,,,,,,,,,,,,,,,,,,,,,,,,,,,,,,,,,,,,,,,,,,,,,,,,,,,,,,,,,,,,,,,,,,
2019-05-19 08:20:09,2019-05-19 08:28:41,IP Address,,100,512,True,2019-05-19 08:28:42,R_1FKh58eyIdJjSdg,,,,,,,anonymous,HE,זכר,26,1,כן,תואר ראשון,4,כן,calc_game_diffuculty,game_time,game_board,"חושף את המשבצת row,col",,,,,,,,,,,,,,,,,,,,,,,,cheese,already_visited,lanyrinth,,,,,,,,,,,,,,,,,,,,,,,,,,,,,,,,,,,,,,,,,,max_month_treats,money_per_treat,current_month_treats_num,is_treat_available,כן,לא,כן,
2019-05-19 08:42:22,2019-05-19 08:52:21,IP Address,,100,598,True,2019-05-19 08:52:21,R_9Z8eg2JPBbPlLMt,,,,,,,anonymous,HE,זכר,28,2,כן,תואר ראשון,4,,,,,,,,,,,,,,,,,,,,,,,,,,Cheese location,Visited locations,Grid,,,,,,,,,Cur game status,Execute a turn ,To point out the desired row region ,To point out the desired col region ,Display_grid,,,,,,,,,,,,,,,,,,,,,,קובי לאן המעלית צריכה לזוז,Desire floor ,My floor,Num floors to go,Door status,,,,,,,,,,כן,לא,כן,
2019-05-19 08:58:23,2019-05-19 09:19:32,IP Address,,100,1268,True,2019-05-19 09:19:33,R_VRzKUCvhd3ymA49,,,,,,,anonymous,HE,זכר,27,4,כן,תואר ראשון,4,,,,,,,,,,,,,,,,,,,,,,,,,,CurCheesLocation,Visited,Maze,,,,,,,,,,,,,,,,,,,,,,,,,,,,,"Checks if my floor is higher or lower than the elevator’s floor, adjust the direction of the elevator and set the amount of floors to move",myFloor,elevatorCurFloor,FloorsToMove,elevatorState,"While(curFloor<heighestFloor)
Go_up(singelFloor)
",,,,,,,MaxAcumValue,BenefitILStreshold,CurMonthBenefitAmount,Bool checkForBenefitEntitlement,,,,,לא,,לא,
2019-05-20 02:33:41,2019-05-20 02:52:07,IP Address,,100,1105,True,2019-05-20 02:52:13,R_1GVaInF3PZh8H2v,,,,,,,anonymous,HE,זכר,25,3,כן,תואר ראשון,3,,,,,,,,,,,,,,,,,,,,,,,,,,,,,,,,board_state,playing the next turn,describes which row we want to put our X or O,describes which collum we want to put our X or O,board_display(int [] board_state),,,,,,,,,,,,,,,,file_size,sorting the files by their names,string,List of the files sorted by their names,"increase_file_size(file, int to_increase, int disc_space )",Choose where thw elevator should navigate,curr_floor_level,next_floor_level,difference_between_floors,door_state,"1-for(i=0 until i=n) {
open door
close door
go up 1 level
}
open door
close door",,,,,,,,,,,,,,,כן,לא,כן,
2019-05-20 02:53:54,2019-05-20 03:03:28,IP Address,,100,574,True,2019-05-20 03:03:45,R_2f3hfWuOm7nAuGa,,,,,,,anonymous,HE,,27,4,כן,תואר ראשון,4,כן,"Int game_level(int rows, int columns, int mokshim_num)",Game_time,Cube_mokesh,חושף מה יש בתא הספציפי,,,,,,,,,,,,מחזיר את השכר שעובד צריך לקבל,לדעת כמה שעות עבודה,קצב אכילה,Return hours*rate,Full_time_hours,,,,,,,,,,,,,,,,,,,,,Game_board,לשים צורה בתא הספציפי,מספר שורה,מספר עמודה,Display_game(board game),,,,,,,,,,,,,,,,,,,,,,,,,,,,,,,כן,לא,כן,
2019-05-20 03:05:07,2019-05-20 03:21:52,IP Address,,100,1004,True,2019-05-20 03:21:52,R_3mklkKJFMZXQzzZ,,,,,,,anonymous,HE,זכר,26,4,כן,תואר ראשון,3,,,,,,,,,,,,,,,,,,,,,,,,,,,,,,,,,,,,,,,,,,board,"לסימון איקס או עיגול במיקום row, col",מייצג מספר שורה,מייצג מספר עמודה,board_display,size,arrenges the files alphabetically in files data structure,"array, list, something like that. ","void if its a reference, otherwise it returns the new sorted data structure",can_increase_space,,,,,,,,,,,,בודק לפי המיקום הנוכחי והיעד המבוקש לאיזה כיוון וכמה קומות צריך לנוע,destination_floor,current_floor,distance,door_state,"עבור i מ0 עד קומה_אחרונה-1 בצע
       מצב_דלת =1
       מצב_דלת = 0
       עלה(1)
מצב דלת =1
מצב דלת=0
       ",,,,,,,,,כן,לא,לא,
2019-05-20 03:55:58,2019-05-20 04:40:55,IP Address,,100,2696,True,2019-05-20 04:40:56,R_pxWJhiUj5R7XnhL,,,,,,,anonymous,HE,נקבה,26,4,כן,תואר ראשון,4,,,,,,,,,,,מוציא שכר לפי דירוג ומס שעות עבודה,מספר שעות עבודה,שכר לשעה,שעה כפול דירוג,סף ,Extra_rate,,,,,,,,,,,,,,,,Wining,Player make is turn in the game,The row the player chose on the board,The colum the player chose on the board,"(Create_board(int row,int col",,,,,,,,,,,,,,,,,,,,,,,,,,,מחליט האם עולים או יורדים ומחשב את מספר הקומות,Current_floor,Next_floor,Num_floors,Door_staye,,,,,,,,,,כן,לא,כן,
2019-05-20 04:19:48,2019-05-20 04:56:53,IP Address,,100,2224,True,2019-05-20 04:56:53,R_3rMpCU1m2GdZvaP,,,,,,,anonymous,HE,נקבה,26,3,כן,תואר ראשון,3,,,,,,Yes,"get_difficulty(int grid_size, int num_of_mines)",game_time,board_description,מקבלת שורה ועמודה ועושה שם את הפיצוץ,,,,,,,,,,,,,,,,,,,,,,,,,,,grid_current_state,מקבלת שורה ועמודה ומזיזה לשם את הסמן,מספר השורה שאליה נראה להזיז את הסמן,מספר העמודה שאליה נראה להזיז את הסמן,display_grid(),,,,,,,,,,,file_size,"לסדר את כל הקבצים שהפונקציה קיבלה לפי סדר הא""ב של השם שלהם",התפקיד שלו זה לתת את הקבצים שאותם נראה לסדר והטיפוס שלו הוא רשימה של קבצים,"רשימה של הקבצים שהיא קיבלה לאחר שהם מסודרים לפי הא""ב של השם שלהם","update_file_size(File file, int increase_by, int disk_free_space)",,,,,,,,,,,,,,,,,,,,,לא,,לא,
2019-05-19 08:38:38,2019-05-19 08:38:54,IP Address,,67,16,False,2019-05-20 08:40:00,R_xDFjdFEf6G6qk7f,,,,,,,anonymous,HE,,14,,,,,,,,,,,,,,,,,,,,,,,,,,,,,,,,,,,,,,,,,,,,,,,,,,,,,,,,,,,,,,,,,,,,,,,,,,,,,,,,,,,,
2019-05-19 08:48:12,2019-05-19 08:49:07,IP Address,,62,54,False,2019-05-20 08:49:22,R_3O1j1wKMSEw1nDT,,,,,,,anonymous,HE,זכר,28,2,כן,תואר ראשון,4,,,,,,,,,,,,,,,,,,,,,,,,,,,,,,,,,,,,,,,,,,,,,,,,,,,,,,,,,,,,,,,,,,,,,,,,,,,,,,,,
2019-05-19 08:47:10,2019-05-19 08:49:09,IP Address,,72,118,False,2019-05-20 08:49:46,R_1hL5hfYMHP9DmPI,,,,,,,anonymous,HE,נקבה,27,7,כן,תואר ראשון,4,,,,,,,,,,,,,,,,,,,,,,,,,,,,,,,,,,,,,,,,,,,,,,,,,,,,,,,,,,,,,,,,,,,,,,,,,,,,,,,,
2019-05-19 09:20:16,2019-05-19 09:21:33,IP Address,,68,76,False,2019-05-20 09:21:40,R_xztaVxU6E0IgnUR,,,,,,,anonymous,HE,זכר,27,3,כן,תואר ראשון,3,,,,,,,,,,,,,,,,,,,,,,,,,,,,,,,,,,,,,,,,,,,,,,,,,,,,,,,,,,,,,,,,,,,,,,,,,,,,,,,,
2019-05-20 15:23:35,2019-05-20 15:42:01,IP Address,,100,1105,True,2019-05-20 15:42:01,R_1i3QQCU1RCoOI26,,,,,,,anonymous,HE,נקבה,25,3,כן,תואר ראשון,4,,,,,,No,"get_difficulty(size, mines_num)-> difficulty_level",game_duration,board_params,expose specific square on the board,,,,,,,,,,,,,,,,,,,,,,,,,,,Board,pick symbol of the curr player at a specific position on the board,the x position,the y position,display_board(),,,,,,,,,,,,,,,,gets the elavatoe up or down to specific position,next_up_position,curr_position,next_down_position,door_position,"for floor in range(high_level):
open_door(floor)
close_door(floor)",,,,,,,,,,,,,,,לא,,לא,
2019-05-21 05:29:57,2019-05-21 05:47:07,IP Address,,100,1029,True,2019-05-21 05:47:07,R_12i0JARlfFjXhB5,,,,,,,anonymous,HE,זכר,27,1,כן,תואר ראשון,3,,,,,,Yes,"(Level getGameLevel(int size, int numberOfMines",gameTime,squaresContent,gui expose the requested  square,,,,,,,pays an employ the requested salary,how many working hours the worker has,employee fixed hourly payment,"void pay(double hours, double rate)
this->bankAccount->transfer(hours*rate)",requiredWeeklyHours,employeeWeeklyOvertimePayment,,,,cheeseTempLocation,columbusVistedTracks,columbusMaze,,,,,,,,,,,,,,,,,,,,,,,,,,,,,,,,,,,,,,,,,,,,,,,,,לא,,לא,
2019-05-21 05:43:05,2019-05-21 06:01:44,IP Address,,100,1118,True,2019-05-21 06:01:45,R_6PWv24QQTZ8Widz,,,,,,,anonymous,HE,זכר,19,5,לא,,,,,,,,Yes,"GameInfo CreateGame(int row, int col, int mines",GameTime,NumberOfAdjacentMines,"Return the previous question info about [row, col]",,,,,,,Calculate the wage,The number of working hours,An employee hourly wage,"Pay(h, r){
Return h*r
}",FulltimeHoursRequirment,OvertimeHours,,,,,,,,,,,,,,,GridInfo CurrentInfo,"Change the [row, cal] space to the current player Shape",Indicates the row the player chose,Indicates the column the player chose,DisplayGrid(GridInfo grid),,,,,,,,,,,,,,,,,,,,,,,,,,,,,,,,,,,,כן,לא,כן,
2019-05-21 05:37:49,2019-05-21 06:04:21,IP Address,,100,1591,True,2019-05-21 06:04:21,R_1dhNnvMtChehWUf,,,,,,,anonymous,HE,נקבה,17,2,לא,,,,,,,,,,,,,,,,,,,,,,,,,,,,,,,,,,,,,,,,,,,,,,,,,file_size,Arranges the files in alphabetical order by their name,"The parameter gives the files to sort, the type is maybe a list or a vector of the File class",A list or vector of the sorted files,"bool is_available_space_disc(File file, int increse_file_by, int available_space_disc)",,,,,,,,,,,,מחליט אם המעלית צריכה לעלות או לרדת וקורא לפונקציה המתאימה עם מספר הקומות,dest_floor,curr_floor,amount_floors_to_move,door_state,"for (int i = 0; i < num_floors; i++)
{
open_door()
close_door()
go_up(1)
}",,,,,MAX_PINUKIM_IN_MONTH,AMOUNT_MONEY_FOR_PINUK,client_amount_pinukim_earned,"bool can_client_get_pinuk(int client_amount_pinukim_earned, int client_amount_pinukim_spent)",כן,לא,כן,
2019-05-21 05:55:22,2019-05-21 06:11:50,IP Address,,100,988,True,2019-05-21 06:11:51,R_32PepcPODZVzzst,,,,,,,anonymous,HE,זכר,21,2,לא,,,כן,"Difficulty(int rows, int columns)",Time_Elapsed,Bomb_Dis,"מראה אם המשבצת בשורה ועמודה הנתון פצצה, ואם לא מראה כמה פצצות יש לידו.",,,,,,,,,,,,,,,,,,,,,,,,,,,,,,,,,,,,,Board,"לשים איקס או מעגל במקום המצוין לפי השורה ועמודה, לפי התור.",לציין באיזה שורה צריך לשים את האיקס או מעגל בלוח.,לציין באיזה עמודה צריך לשים את האיקס או מעגל בלוח.,(Board board)Print_Board,Size,"Goes through a list of files, and sorts them by the name of each one alphabetically.",The parameter is a list of variables of the class file.,Returns a new list of class files sorted alphabetically.,Has_Space,,,,,,,,,,,,,,,,,,,,,,,,,,כן,לא,לא,
2019-05-21 05:57:24,2019-05-21 06:19:05,IP Address,,100,1300,True,2019-05-21 06:19:05,R_W8JqtZDO1phwiJ3,,,,,,,anonymous,HE,זכר,26,4,כן,תואר ראשון,2,,,,,,,,,,,,,,,,,,,,,,,cheese_coordinates,mouse_route,maze,,,,,,,,,,,,,,,,,,,,,,file_size,it sorts the files by the alphabetical order,"a list of the files by order, list type",the same list after being sorted,enlargement_space-available,,,,,,,,,,,,,,,,,,benefits_max,benefits_value,benefits_current,benefits_remaining,,,,,כן,לא,לא,
2019-05-21 06:42:12,2019-05-21 06:59:39,IP Address,,100,1047,True,2019-05-21 06:59:39,R_2VrsMdtfEu7pEw8,,,,,,,anonymous,HE,זכר,25,2,כן,תואר ראשון,2,,,,,,,,,,,מעלה לשכר של העובד את השכר הבא בערך hours*rate,לדעת כמה שעות עבד העובד,לדעת מה השכר השעתי של אותו עובד,"class worker{
            int salary;
            pay(int hours, int rate){
                        salary += hours * rate;
            }
}
",WEEKLY_WORKING_HOURS,OVERTIME_SALARY_ADDITION,,,,,,,cheese_position,rooms_visited,maze_map,,,,,,,,,,,,,,,,,,,,,,,,,,,,,,,,,,,,,,בודק כמה קומות המעלית צריכה לעלות או לרדת כדי להגיע לקומה הרצויה.,dest_floor,current_floor,floors_to_go,is_door_open,"one_floor = 1
for every floor in floors:
       go_up(floor)",,,,,,,,,כן,לא,לא,
2019-05-21 06:41:58,2019-05-21 07:15:48,IP Address,,100,2029,True,2019-05-21 07:15:49,R_2wbON8LBJzuaYJX,,,,,,,anonymous,HE,נקבה,24,7,כן,תואר ראשון,2,,,,,,,,,,,,,,,,,calculates a worker's wage according to his hourly wage and num of hours of work,hourly wage,amount of hours working,return(hour*rate),full_time_hours_weekly,overtime_hourly_wage,,,,,,,,,,,,,,,,,,,,,,,,,,,,,,,,,,,,,,,,,"מחשב את מספר הקומות שיש לעלות או לרדת ואת הכיוון, ושולח את המעלית לשם.",src_floor,dest_floor,floor_diff,door_status,"1. for i from min_floor to max_floor:
   a. door_status = open
   b. go_up(1)
",,,,,max_perks_per_month,monthly_amount_for_perk,perks_counter,is_entitled,כן,לא,כן,
2019-05-21 07:24:33,2019-05-21 07:39:49,IP Address,,100,916,True,2019-05-21 07:39:50,R_1hRJCbi12dvgmky,,,,,,,anonymous,HE,זכר,20,5,כן,תואר ראשון,2,,,,,,Yes,"(calculate_difficulty(grid_size, num_of_mines",game_time,game_board,make a given square's value (by coordinates) visible to the player,,,,,,,,,,,,,,,,,,,,,,,,,,,,,,,,,,,,,,,,,,,,,,,,,,,,,"מחשב את כיוון הנסיעה הרצוי ואת מספר הקומות לנסיעה בהתאם לקומה הנוכחית ולקומת היעד, ונוסע בהתאם",destination_floor,current_floor,floor_distance,door_state,"close_door()
current_floor = 0
while (current_floor < MAX_FLOOR):
        go_up(1)
        open_door()
        close_door()
",MAX_MONTHLY_BENEFIT,BENEFIT_TO_ILS,current_month_benefits,"has_benefits_left(entitled, used",,,,,כן,לא,לא,
2019-05-21 05:52:06,2019-05-21 07:43:23,IP Address,,100,6676,True,2019-05-21 07:43:23,R_7afyviSnKXNxo9H,,,,,,,anonymous,HE,זכר,26,2,כן,תואר ראשון,3,כן,"shula_game(row,col,,num_mine)",time_stamp,shula_radius,,,,,,,,,,,,,calculate wages,,,,,,,,,,,,,,,,,,,,win_x,find were the x or o lended,idenfiy which in row its lended,idenfiy which in col  its lended,"grid_func(grid_row,grid_col)",,,,,,,,,,,,,,,,,,,,,,,,,,,,,,,,,,,,כן,לא,לא,
2019-05-21 08:26:23,2019-05-21 08:47:04,IP Address,,100,1241,True,2019-05-21 08:47:04,R_2UgrsGR8pM2o196,,,,,,,anonymous,HE,זכר,19,8,לא,,,כן,"float rate_difficulty(int board_width, int board_height, int mine_count)",game_duration,mine_board,בודק משבצת בלוח המוקשים ומבצע פעולה מתאימה לפי התוצאה מלוח המוקשים,,,,,,,,,,,,,,,,,,,,,,,,,,,,,,,,,,,,,gameboard,"משער שמשמשת להצבת ערך במטריצת מצב הלוח, אבל חסרה אינדיקציה לגבי של מי התור ואיך לוח המשחק נכנס לתמונה",לציין באיזו שורה בלוח מבצע המהלך בחר,לציין באיזה טור בלוח מבצע המהלך בחר,display_gameboard(char[] gameboard),,,,,,,,,,,,,,,,,בודק איפה נמצאת קומת היעד ביחס לקומה הנוכחית ומעלה/מוריד את המעלית מספר קומות מסוים על מנת להביא אותה אל קומת היעד,destination_floor,current_floor,floor_difference,is_door_open,"for floor in floor count - 1:
go up(1)
open door
wait
close door",,,,,,,,,לא,,לא,
2019-05-21 08:57:11,2019-05-21 09:41:22,IP Address,,100,2651,True,2019-05-21 09:41:22,R_Z477TIifFMJ0I0x,,,,,,,anonymous,HE,זכר,25,1,כן,תואר ראשון,2,,,,,,,,,,,,,,,,,pay an employee a salary according to to the hours and rate given,to represent the number of work hours passed since the last payment, represent the current fixed rate wanted for the employee,"pay (hours, rate){
int salary=hours*rate;
this.send_money(salary)
",FULLTIME_REQUIRED,overtime_rate,,,,cheese_location,visited_locations,Maze,,,,,,,,,,,,,,,,,,,,,,,,,,,,,,,,,,,,,,,,,,,,,MONTHLY_PINUK_MAX,PINUK_REQUIREMENT,monthly_pinuks,"bool can_get_pinuk(int monthly_pinuks, int pinuks_taken)",לא,,לא,
2019-05-21 07:28:49,2019-05-21 10:39:30,IP Address,,100,11441,True,2019-05-21 10:39:30,R_1HhpHTQygiNDW51,,,,,,,anonymous,HE,נקבה,25,2,כן,תואר ראשון,2,,,,,,Yes,"int levelDifficulty (int* grid_size, int mines_num)  ",game_time,mines_grid,"בהינתן שורה ועמודה, האם יש שם mine","מחשב עבור עובד כמה הוא צריך לקבל בפרק זמן שהוא עבד (יום, חודש..)",שעות העבודה בפועל של העובד,השכר שאותו עובד מקבל לשעה בשקלים,"int pay (int hours, int rate){
  return hours*rate;
}",MAX_REGULAR_HOURS,overtime_rate,,,,,,,,,,,,,,,,,,,,,,,,,,,,,,,,,,,,size,מקבלת קבוצת קבצים ומסדרת אותם לפי השם (כנראה לקסיקוגרפית),מצביע למקום בו שמורים הקבצים הרלוונטים למיון. טיפוס file*,file* מערך קבצים או (פחות סביר) רשימת קבצים ,"bool CheckSpaceInDisk(delta, free_space)",,,,,,,,,,,,,,,,,,,,,כן,לא,לא,
2019-05-21 11:52:24,2019-05-21 12:04:10,IP Address,,100,706,True,2019-05-21 12:04:10,R_1Lu6oAunpeejWru,,,,,,,anonymous,HE,זכר,29,3,כן,תואר ראשון,4,,,,,,,,,,,משלם לעובד עבור מספר שעות,מציין עבור כמה שעות צריך לשלם,לא יודע,לא כל כך הבנתי,FULL_TIMER_MAX_HOUR,EXTRA_TIME_PAY_ADDITION,,,,,,,,,,cheese_location,visited_room,maze,,,,,,,,,,,,,,board,מהלך של שחקן בו הוא מכניס עמודה ושורה המייצינות מיקום בלוח,באיזה שורה,באיזה עמודה,board_display(Board b),,,,,,,,,,,,,,,,,,,,,,,,,,,,,,,לא,,לא,
2019-05-21 12:25:15,2019-05-21 12:31:48,IP Address,,100,392,True,2019-05-21 12:31:48,R_2uKWd03UXr8FdAG,,,,,,,anonymous,HE,נקבה,25,3,כן,תואר ראשון,3,,,,,,,,,,,תשלום לעובדים,כמה שעות הוא עבד החודש,שכר שעתי,return rate*hours;,FULL_TIME_VALUE,OVERTIME_INCREASE,,,,,,,,,,,,,,,,,,,,,grid_state,לוקח צעד יחיד של השחקן הנוכחי,באיזו שורה מסמנים את האיקס\ עיגול,באיזו עמודה מסמנים את האיקס\ עיגול,display_board(Grid current_board),,,,,,,,,,,,,,,,,,,,,,מחליט האם המעלית צריכה לעלות או לרדת כדי להגיע ליעד,dest,cur,input,door_state,,,,,,,,,,לא,,לא,
2019-05-21 12:21:19,2019-05-21 12:37:07,IP Address,,100,948,True,2019-05-21 12:37:08,R_2t9GxeZJJQGc2ws,,,,,,,anonymous,HE,זכר,25,5,כן,תואר ראשון,3,,,,,,Yes,"init_game(size_x, size_y)",game_time,game_board,upon user clicking the board the function will receive the row&col and expose the locations,,,,,,,,,,,,,,,,,,,,,,,,,,,,,,,,,,,,,size,sorting the files by alphanumeric order,list of files objects,void,"expand_file(file, requested_size)",,,,,,,,,,,,,,,,,,max_customer_benefits,acquire_benefit_amount,current_month_client_benefits_amount,"use_benefit(current_month_client_benefits_amount, used_client_benefits_this_month)",,,,,לא,,לא,
2019-05-21 12:39:16,2019-05-21 12:59:47,IP Address,,100,1230,True,2019-05-21 12:59:47,R_2RVqWuKJuRJMw9L,,,,,,,anonymous,HE,זכר,26,0,כן,תואר ראשון,3,,,,,,Yes,"GetGameDifficultyLevel(grid_size, num_of_mines)",Game_time,Adj_mines,Exposes the given coordinate,מחזיר את השכר החודשי של עובד ,מספר השעות אותן העובד עבד החודש,השכר השעתי של העובד ,Return rate * hours,BASE_HOUR_RATE,EXTRA_HOURS_RATE,,,,,,,,,,,,,,,,,,,,,,,,,,,,,,,FILE_SIZE,Returns a list of files in lexicographical order,"It’s a list, and it’s role is to be arranged in lezicographical order",The arranged list,"IsSpaceSufficient(file, increase_size, available_space)",,,,,,,,,,,,,,,,,,,,,,,,,,לא,,לא,
2019-05-21 10:42:16,2019-05-21 14:01:46,IP Address,,100,11969,True,2019-05-21 14:01:46,R_3e9XifMylHqyMBK,,,,,,,anonymous,HE,נקבה,26,1,כן,תואר ראשון,4,,,,,,,,,,,מגדיר את הסכום שיש לשלם עבור כמות השעות הנקוב והתעריף,להגדיר את כמות השעות שעבר העובד בתקופת הזמן עליה אנחנו מחשבים את השכר,להגדיר את התעריף השעתי של העובד,"pay(hours,rate):

return hours*rate",WORK_HOURS_PER_WEEK,extra_hour_rate,,,,,,,,,,,,,,,,current_board_state,fills the cell of the board at the row and column specified as arguments,define the line of the cell to fill (horizontal), define the column of the cell to fill (vertical),display_board(current_board_state),,,,,,,,,,,,,,,,,,,,,,,,,,,"מגדיר את אופן הפעולה של המעלית כעת - אם לעלות או לרדת, לפי המשתנים הנתונים",source_floor,destination_floor,floor_difference,door_state,"var1=0
var2=1
while var2<max_floor:
    go_up(1)
    var1=var2
    var2=var2+1

",,,,,,,,,כן,לא,כן,
2019-05-21 05:45:34,2019-05-21 05:46:45,IP Address,,67,70,False,2019-05-22 05:46:47,R_1dAB9GP85jS4zqq,,,,,,,anonymous,HE,נקבה,24,2,לא,,,,,,,,,,,,,,,,,,,,,,,,,,,,,,,,,,,,,,,,,,,,,,,,,,,,,,,,,,,,,,,,,,,,,,,,,,,,,,,,,,
2019-05-22 05:46:43,2019-05-22 05:57:19,IP Address,,100,635,True,2019-05-22 05:57:22,R_3elba9kRwqsTS8a,,,,,,,anonymous,HE,זכר,18,2,לא,,,,,,,,,,,,,,,,,,,,,,,,,,,,,,,,,,board,puts a sign in a cell,the Y place of the cell,the X place of the cell,show_board(board),,,,,,,,,,,,,,,,,,,,,,,,,,,מעלה או מוריד את המעלית על פי המשתנים var1 או var2,current_floor,required_floor,floor_difference,opened,,,,,,max_benefits,benefit_factor,num_of_benefits,benefits_remain,כן,לא,לא,
2019-05-21 05:56:45,2019-05-21 06:18:39,IP Address,,92,1314,False,2019-05-22 06:18:50,R_yCr2YxzmECfPeiR,,,,,,,anonymous,HE,זכר,19,2,לא,,,,,,,,,,,,,,,,,,,,,,,,,,,,,,,,,,,,,,,,,,,,,,,,,,,,,,,,,,,,,,,,,,,,,,,,,,,MaxPinook,Pinook,MonthlyPinook,pinookLeft,,,,
2019-05-21 05:45:02,2019-05-21 06:31:15,IP Address,,62,2773,False,2019-05-22 06:31:19,R_BKFKSbqCbZwhHxv,,,,,,,anonymous,HE,זכר,18,3,לא,,,,,,,,,,,,,,,,,,,,,,,,,,,,,,,,,,,,,,,,,,,,,,,,,,,,,,,,,,,,,,,,,,,,,,,,,,,,,,,,,,
2019-05-21 06:49:11,2019-05-21 07:05:24,IP Address,,63,972,False,2019-05-22 07:05:27,R_2b3sKSDDHCbrFoZ,,,,,,,anonymous,HE,זכר,20,6,כן,תואר ראשון,1,,,,,,,,,,,,,,,,,,,,,,,,,,,,,,,,,,,,,,,,,,,,,,,,,,,,,,,,,,,,,,,,,,,,,,,,,,,,,,,,
2019-05-21 07:24:59,2019-05-21 07:27:33,IP Address,,69,153,False,2019-05-22 07:27:49,R_cO01AyLooDfgNW1,,,,,,,anonymous,HE,,,,,,,,,,,,,,,,,,,,,,,,,,,,,,,,,,,,,,,,,,,,,,,,,,,,,,,,,,,,,,,,,,,,,,,,,,,,,,,,,,,,,,
2019-05-21 06:51:27,2019-05-21 08:26:47,IP Address,,68,5719,False,2019-05-22 08:26:49,R_2c6MjTtdm0s4IIG,,,,,,,anonymous,HE,זכר,27,15,כן,תואר ראשון,3,,,,,,,,,,,,,,,,,,,,,,,,,,,,,,,,,,,,,,,,,,,,,,,,,,,,,,,,,,,,,,,,,,,,,,,,,,,,,,,,
2019-05-21 08:43:56,2019-05-21 08:48:53,IP Address,,67,297,False,2019-05-22 08:49:18,R_3HNaNkzverI8qx7,,,,,,,anonymous,HE,זכר,25,2,כן,תואר ראשון,2,,,,,,,,,,,,,,,,,,,,,,,,,,,,,,,,,,,,,,,,,,,,,,,,,,,,,,,,,,,,,,,,,,,,,,,,,,,,,,,,
2019-05-21 09:11:17,2019-05-21 09:12:05,IP Address,,62,48,False,2019-05-22 09:12:22,R_3J2k2XS9VRx8uuj,,,,,,,anonymous,HE,נקבה,25,3,כן,תואר ראשון,3,,,,,,,,,,,,,,,,,,,,,,,,,,,,,,,,,,,,,,,,,,,,,,,,,,,,,,,,,,,,,,,,,,,,,,,,,,,,,,,,
2019-05-21 09:54:18,2019-05-21 09:56:36,IP Address,,61,137,False,2019-05-22 09:56:39,R_UKMCCG28QU7tRx7,,,,,,,anonymous,HE,נקבה,24,1,כן,,3,,,,,,,,,,,,,,,,,,,,,,,,,,,,,,,,,,,,,,,,,,,,,,,,,,,,,,,,,,,,,,,,,,,,,,,,,,,,,,,,
2019-05-21 10:57:50,2019-05-21 11:00:52,IP Address,,65,181,False,2019-05-22 11:01:26,R_2YKzqJhGtgB9BOh,,,,,,,anonymous,HE,זכר,30,4,כן,תואר ראשון,4,,,,,,,,,,,,,,,,,,,,,,,,,,,,,,,,,,,,,,,,,,,,,,,,,,,,,,,,,,,,,,,,,,,,,,,,,,,,,,,,
2019-05-21 12:43:46,2019-05-21 12:46:30,IP Address,,62,163,False,2019-05-22 12:46:38,R_emv5IZIug2V6NqN,,,,,,,anonymous,HE,זכר,27,2,כן,תואר ראשון,3,,,,,,,,,,,,,,,,,,,,,,,,,,,,,,,,,,,,,,,,,,,,,,,,,,,,,,,,,,,,,,,,,,,,,,,,,,,,,,,,
2019-05-21 12:52:29,2019-05-21 13:28:56,IP Address,,90,2186,False,2019-05-22 13:28:57,R_riJtUYGIABSaMOl,,,,,,,anonymous,HE,זכר,26,4,כן,תואר ראשון,4,,,,,,,,,,,,,,,,,,,,,,,,,,,,,,,,,,,,,,,,,,,,,,,file_size,הפעולה מסדרת את כל שמות הקבצים לפי סדר השם שלהם.,רשימה של שמות הקבצים ,רשימה של הקבצים שמסודרת לפי השמות שלהם,"SpaceInDisk(file,space_on_disk, increase _space)",,,,,,,,,,,,בהינתן הקומה הנוכחית var2 והקומה שאליה רוצים ללכת var1 מחושב ההפרש ב var3 וזה מספר הקומות שיורדים או עולים בהתאמה,target_floor,current_floor,floor_distance,door_state,"עבור i מ 0 ועד max_floor בצע:
go_up(1)
פתח דלת
door_state = 0
סגור דלת",,,,,,,,,,,,
2019-05-22 15:12:20,2019-05-22 15:37:12,IP Address,,100,1491,True,2019-05-22 15:37:12,R_00LdBYdB5olAWat,,,,,,,anonymous,HE,נקבה,23,1,כן,תואר ראשון,3,,,,,,,,,,,מחשב את שכר העובד,מספר השעות שהעובד עבד,שכר שעה של העובד,return rate * hour,full_time_job_hours,salary_per_overtime_hour,,,,,,,,,,,,,,,,,,,,,,,,,,,,,,,,,,,,,,,,,,,,,,,ממש את הפונקציונליות של העליה והירידה של המעלית,destination_floor,origin_floor,floors_distance,elevator_door_state,"int current_floor = 0
while current_floor < elevator.number_of_floors 
}
go_up(1)
elevator_door_state = open
{",,,,,max_pinukim_per_month,shekels_per_pinuk,amount_of_pinukim,"  amount_of_pinukim ,spended_pinukim int available_pinukim (int ",כן,כן,כן,
2019-05-23 00:39:41,2019-05-23 01:12:15,IP Address,,100,1954,True,2019-05-23 01:12:15,R_2AMPq2mpBIkanm0,,,,,,,anonymous,HE,זכר,36,11,לא,,,,,,,,,,,,,,,,,,,,,,,,,,,,,,,,,,,,,,,,,,,,,,,,,,,,,,file_size,היא מקבלת רשימה של שמות קבצים וממיינת אותו על פי השם (אלפבתי),מערך של מחרוזות. כל מחרוזת היא שם של קובץ,פוינטר למערך הממוין,"(canFileBeIncreased(file, sizeAddition, diskFreesapce",,,,,,,מניע את המעלית לקומה המבוקשת,detestationFloor,currentFloorPosition,floorsToMove,isDoorOpen,"(for(i=1 to NUM_OF_FLOORS_IN_BUILDING{
go_up(1)
openDoor()
wait()
closeDoor()",,,,,MONTHLY_MAX_PINUKS,MONEY_REQUIRED_FOR_PINK,currentMonthPinuksAvailable,"(calculateRemainingPinuks(pinuksAvailable, pinuksUsed",כן,לא,לא,
2019-05-22 01:51:08,2019-05-22 01:54:06,IP Address,,66,178,False,2019-05-23 01:54:14,R_29cveCMnkYC7kLU,,,,,,,anonymous,HE,נקבה,24,3,כן,תואר ראשון,3,,,,,,,,,,,,,,,,,,,,,,,,,,,,,,,,,,,,,,,,,,,,,,,,,,,,,,,,,,,,,,,,,,,,,,,,,,,,,,,,
2019-05-21 12:13:18,2019-05-22 09:50:19,IP Address,,65,77820,False,2019-05-23 09:51:11,R_0ilGaRkzOtlsSnD,,,,,,,anonymous,HE,זכר,26,4,כן,תואר ראשון,4,,,,,,,,,,,,,,,,,,,,,,,,,,,,,,,,,,,,,,,,,,,,,,,,,,,,,,,,,,,,,,,,,,,,,,,,,,,,,,,,
2019-05-22 10:22:18,2019-05-22 10:23:15,IP Address,,59,57,False,2019-05-23 10:23:17,R_3g1LtantcxfnM1x,,,,,,,anonymous,HE,נקבה,23,5,כן,תואר ראשון,3,,,,,,,,,,,,,,,,,,,,,,,,,,,,,,,,,,,,,,,,,,,,,,,,,,,,,,,,,,,,,,,,,,,,,,,,,,,,,,,,
2019-05-22 05:44:36,2019-05-22 16:08:34,IP Address,,78,37437,False,2019-05-23 16:08:46,R_2cbgRya4MBDvUsT,,,,,,,anonymous,HE,,18,4,לא,,,,,,,,,,,,,,,,,,,,,,,,,,,,,,,,,,,,,,,,,,,,,,,,,,,,,,,,,,,,,,,,,,,,,,,,,,,,,,,,,,
2019-05-23 01:04:47,2019-05-23 01:06:05,IP Address,,68,77,False,2019-05-24 01:06:23,R_ReQOY7Yz0Iw6EsF,,,,,,,anonymous,HE,זכר,33,12,לא,,,,,,,,,,,,,,,,,,,,,,,,,,,,,,,,,,,,,,,,,,,,,,,,,,,,,,,,,,,,,,,,,,,,,,,,,,,,,,,,,,
2019-05-26 01:23:38,2019-05-26 01:39:42,IP Address,,100,964,True,2019-05-26 01:39:42,R_1dgmEsOhnJ0PD22,,,,,,,anonymous,HE,זכר,48,21,לא,,,כן,"get_game_difficulty(num_rows, num_cols, num_mines)",time_elapsed,grid_box_state,"exposes what's in the grid box (row, col) and it's neighbors",,,,,,,,,,,,,,,,,,,,,,,,,,,,,,,,game_grid,"adds X or O, depending on whose turn it is, in (row,col) of game_grid",row in grid,column in grid,display_game(game_grid),,,,,,,,,,,,,,,,,,,,,,מחליט אם וכמה קומות לעלות או לרדת,wanted_floor,current_floor,diff_floors,is_floor_open,"current_floor = 0
while current_floor <= LAST_FLOOR:
open_door(current_floor)
++current_floor
",,,,,,,,,לא,,לא,
2019-05-26 01:31:58,2019-05-26 01:53:57,IP Address,,100,1318,True,2019-05-26 01:53:57,R_6glhTMgoboBKClj,,,,,,,anonymous,HE,זכר,30,8,לא,,,,,,,,,,,,,,,,,,,,,,,,,,,,,,,,,,,,,,,,,,,,tictactoe_board_status,for one player to make a turn during the game,the row on the board in which to mark your turn,the column on the board in which to mark your turn,"display_board_status(tictactoe_board_status, player)",,,,,,file_size,arranging files in alphabetical order by their name,"the parameter is a list of files, It's job is to pass the file names to the function for it to ber able to return a sorted list.",a sorted list of file names.,"can_file_be_enlarged(file, size_to_add, available_disk_space)",,,,,,,,,,,,,num_expiring_benefits,expenditure_per_benefit,num_current_benefits,"can_customer_use_benefit(num_current_benefits, num_used_benefits)",,,,,לא,,לא,
2019-05-27 00:38:37,2019-05-27 00:41:14,IP Address,,64,156,False,2019-05-28 00:41:23,R_sTjSr9lIgARFczL,,,,,,,anonymous,HE,זכר,33,12,לא,,,,,,,,,,,,,,,,,,,,,,,,,,,,,,,,,,,,,,,,,,,,,,,,,,,,,,,,,,,,,,,,,,,,,,,,,,,,,,,,,,
2019-05-29 06:19:37,2019-05-29 06:43:10,IP Address,,100,1412,True,2019-05-29 06:43:10,R_3FWFygmv9tXR1cY,,,,,,,anonymous,HE,זכר,28,10,לא,,,כן,"get_game_difficulty(num_rows,num_columns,num_mines)",elapsed_time,square_value,מציג את המשבצת בשורה row ועמודה col,,,,,,,,,,,,,,,,,,,,,current_cheese_location,current_visited_locations,maze,,,,game_state,changes the state of the game by placing X or O in the row and column according to the current player's turn,the row to put the mark,the column to put the mark,show_game(game_state),,,,,,,,,,,,,,,,,,,,,,,,,,,,,,,,,,,,,,,,,כן,כן,כן,
2019-06-03 07:25:20,2019-06-03 07:34:30,IP Address,,100,550,True,2019-06-03 07:34:30,R_25vEuChJ2RG6aeB,,,,,,,anonymous,HE,זכר,26,2,כן,תואר ראשון,3,כן,"get_difficulty(rows, cols, mines_number)",time,board_data,חושף ערך של תא,,,,,,,,,,,,,,,,,,,,,,,,cheese_location ,visited_rooms ,labyrinth,,,,,,,,,,,,,,,,,,,,,,,,,,,,,,,,,,,,,,,,,,pinuk_max_number,pinuk_rate,pinuk_number_deserved,"allowed(pinuk_number_deserved, pinuk_number_used)",כן,לא,כן,
2019-06-04 02:00:29,2019-06-04 02:08:25,IP Address,,100,475,True,2019-06-04 02:08:26,R_27qT28LSyxyNkqL,,,,,,,anonymous,HE,זכר,25,1,כן,תואר ראשון,4,,,,,,Yes,get_difficulty,time,mine,חושפת האם יש מוקש,,,,,,,,,,,,,today_cheese_spot,spots_already_visited,maze,,,,,,,,,,,,,,,,,,,,,,,,,,,,,,,,,,,,,,מקטין מספר,up,down,delta,door_state,"לכל קומה בקומות
פתח דלת של קומה",,,,,,,,,כן,לא,כן,
2019-06-04 02:00:53,2019-06-04 02:13:26,IP Address,,100,753,True,2019-06-04 02:13:27,R_2Tmz0Q5jRzDVDKJ,,,,,,,anonymous,HE,זכר,25,2,כן,תואר ראשון,2,כן,Set_difficulty,Game_time,Cell_info,אומר מה יש בתא לפי השורה ועמודה,,,,,,"מחשב כמה שעות עבד ומה השכר שהוא מקבל לשעה ומחזיר
 חישוב של כמה העובד צריך לקבל",כמה שעות עבד,כמה מקבל לשעה בשקלים,Return hours*rate,HOURS_PER_WEEK,RATE_PER_HOUR,,,,,,,,,,,,,,,,,,,,,,,,,,,,,,,,,,,,,,,,,,,,,,,,,,,,,,,,,,,,,לא,,לא,
2019-06-04 02:02:39,2019-06-04 02:15:12,IP Address,,100,752,True,2019-06-04 02:15:12,R_3s0tOexLfN2yTpS,,,,,,,anonymous,HE,נקבה,25,1,כן,דוקטורט ומעלה,3,,,,,,,,,,,,,,,,,,,,,,,Cheese_pos,Trace_steps,Maze_rooms,,,,,,,,,,,,,,,,,Board_matrix,לסמן איקס או עיגול במשבצת כלשהי בלוח,מספר השורה שהשחקן יסמן בה את התור שלו,מספר העמודה שהשחקן יסמן בה את התור שלו,Display_board(Board_matrix),,,,,,,,,,,,,,,,,,,,,,,,,,,מקסימום פינוקים,פינוק 1,מספר פינוקים חודשי,Has_more_pinukim,לא,,לא,
2019-06-04 02:05:23,2019-06-04 02:16:17,IP Address,,100,654,True,2019-06-04 02:16:17,R_27U4S3T1BaUh14K,,,,,,,anonymous,HE,נקבה,23,2,כן,תואר ראשון,3,,,,,,,,,,,,,,,,,,,,,,,Cheese_pose,Visited_rooms,Maze,,,,,,,,,,,,Grid_state,"Places and x or o in the cell with 
Row roe and clounmm col",Row to place x or y,Column where to place x or o,Show_grid(),,,,,,,,,,,File_size,Sorting the files by name,Array of files to sort,Sorted array,"Check_resize(size_to_inlarge,free_disk_space)",,,,,,,,,,,,,,,,,,,,,לא,,לא,
2019-06-04 01:58:28,2019-06-04 02:21:36,IP Address,,100,1387,True,2019-06-04 02:21:37,R_2t3bKDBWBQHZ92E,,,,,,,anonymous,HE,נקבה,25,1,כן,תואר ראשון,3,,,,,,,,,,,,,,,,,,,,,,,,,,,,,,,,,,,,,,,,,,board_status,"מעדכנת את לוח המשחק במקום הנתון בקלט לפי התור הנוכחי, איקס או עיגול","לתאר את מספר השורה 1,2 או 3 בלוח המשחק","לתאר את מספר העמודה 1,2, או 3 בלוח המשחק",Display_xo_board(board_status),,,,,,,,,,,,,,,,,"בהתאם לקומה שנלחצה, קטע הקוד מכריע למעלית את הכיוון וכמה קומות בדיוק היא צריכה לרדת/לעלות",destination_floor,current_floor,num_of_floors,elevator_door_status,"For floor in building:
Open elevator door
Wait few seconds
Close elevator door
Go up(1)
",MAX_NUM_BENEFITS,AMOUNT_FOR_1_BENEFIT,Curr_month_benefits,"bool check_benefit_balance(benefits_used, curr_month_benefits)",,,,,כן,לא,כן,
2019-06-04 02:21:15,2019-06-04 02:38:35,IP Address,,100,1040,True,2019-06-04 02:38:36,R_3HT7A18R6grGYbZ,,,,,,,anonymous,HE,נקבה,24,2,כן,תואר ראשון,3,,,,,,,,,,,"מתודה שמחשבת שכר כולל עבור העובד, בהתאם להיקף השעות שעבד","מיצג מספר שעות שהעובד עבר, כפרמטר לתשלום הכולל","מיצג שכר שעתי של העובד, כפרמטר לתשלום הכולל",Return hours*rate,Full_job_hours,Payment_extra_hours,,,,,,,,,,Dayly_target,Visited_rooms,Maze,,,,,,,,,,,,,,,,,,,File_size,Display the files' names sorted by name,The parameter is container of the file that the user want to sort,Array,"Wherher_memory_to_increase(fileToCheck, increaseRate, availableSpace)e",,,,,,,,,,,,,,,,,,,,,,,,,,כן,לא,לא,
2019-06-04 02:31:36,2019-06-04 02:38:44,IP Address,,100,427,True,2019-06-04 02:38:44,R_cT22K5WvR0OJiYp,,,,,,,anonymous,HE,זכר,28,4,לא,,,,,,,,Yes,"get_difficulty_level(grid_size, mines_number)",time,board_data,"expose the value at (row, col) in the grid",,,,,,,,,,,,,cheese_place,visited_rooms,maze,,,,,,,board,"place sign in (row, col) at the board",row chosen in the grid,col chosen in the grid,display_board(),,,,,,,,,,,,,,,,,,,,,,,,,,,,,,,,,,,,,,,,,כן,כן,כן,
2019-06-04 02:31:18,2019-06-04 02:44:43,IP Address,,100,804,True,2019-06-04 02:44:43,R_31XjfL84judg3U0,,,,,,,anonymous,HE,זכר,30,2,לא,,,,,,,,Yes,"int getGameDifficulty(int grid_size, int number_of_mines)",time_passed,grid_data,"expose what the cell (row,col) in the grid holds",,,,,,,calculate how much an employee should be paid according to the hours he worked and the rate he gets.,how many hours the employee worked,how much money an employee gets per hour,"float pay(hours, rate){
return hours*rate;
}",FULL_TIME_NUM_OF_HOURS,EXTRA_HOURS_RATE,,,,,,,,,,,,,,,,,,,,,,,,,,,,,,,,,,,,,,,,,,,,,,,,,,,MAX_BENEFITS_PER_MONTH,BENEFIT_COST,BENEFITS_AVAILABLE,"isBenefitAvailable(available_benefits,used_benefits)",כן,לא,כן,
2019-06-04 03:42:15,2019-06-04 03:56:53,IP Address,,100,878,True,2019-06-04 03:56:53,R_3JqHV7bs5EGBJfo,,,,,,,anonymous,HE,זכר,27,0,כן,תואר ראשון,3,,,,,,,,,,,,,,,,,,,,,,,curr_pos,visited,rooms,,,,,,,board_state,"Sets X or O(player dependent) in the (row,column) coordinate on the board",To choose the row of the board,To choose the column of the board,board_display(),,,,,,,,,,,,,,,,,,,,,,,,,,,מחליט על כיוון הנסיעה ומתחיל את הנסיעה בהתאם למספר הקומות. ,target,curr,num_of_floors,door_state,"counter=0
start_while(counter < NUM_OF_FLOORS):
door_open()
counter++
end_while",,,,,,,,,כן,לא,לא,
2019-06-04 04:25:09,2019-06-04 04:41:11,IP Address,,100,961,True,2019-06-04 04:41:12,R_8oyvX6OqY5dH7H3,,,,,,,anonymous,HE,זכר,29,5,כן,תואר שני,2,,,,,,Yes,"game_difficulty(grid_size, num_mines)",game_time,board,revealing square in the grid,"מחזיר את השכר בשקלים של עובד בדירוג rate, עבור מספר שעות hours,",מספר השעות שעבד העובד,השכר השעתי הקבוע,"   pay (hours, rate) 
return hours * rate",full_time_hours_per_week,additional_hours_rate,,,,,,,,,,,,,,,,,,,,,,,,,,מערך דו מימדי,כדי לצייר X או O במשבצת המתאימה,השורה בטבלה,העמודה בטבלה,show_table(table),,,,,,,,,,,,,,,,,,,,,,,,,,,,,,,כן,לא,כן,
2019-06-04 10:03:25,2019-06-04 10:19:14,IP Address,,100,948,True,2019-06-04 10:19:14,R_2P74noJBiXbUpGe,,,,,,,anonymous,HE,זכר,27,4,כן,תואר ראשון,4,,,,,,,,,,,,,,,,,,,,,,,,,,,,,,,,,,,,,grid_state,מבצעת תור של אחד השחקנים,מספר השורה,מספר העמודה,"display_screen(int x,int y)",,,,,,,,,,,fileSize,"סידור הקבצים ע""פ השם",אוייבקט מסוג file .,מערך של files,isFreeSpace(file),,,,,,,קובע אם לרדת או לעלות במעלית,floor_num1,floor_num2,floor_num3,floor_num4,,,,,,,,,,לא,,כן,
2019-06-04 10:14:20,2019-06-04 13:12:15,IP Address,,100,10674,True,2019-06-04 13:12:16,R_XzFJyW10zn1O8wx,,,,,,,anonymous,HE,זכר,19,5,כן,תואר ראשון,3,,,,,,,,,,,,,,,,,,,,,,,,,,,,,,,,,,,,,,,,,,,,,,,,,,,,file_size או רק size (כי ברור שמדובר בקובץ משם המחלקה),ממיינת את הקבצים ברשימת הקלט לפי שמותיהם בסדר לקסיקוגרפי,רשימה של קבצים (שטיפוסם הוא המחלקה) או שמות קבצים (שטיפוסם מחרוזת).,רשימה ממויינת מאותו הטיפוס כמו רשימת הקלט,"can_be_expanded(file, size_to_expand, free_space_on_disk) ",,,,,,,"קובע אם צריך לרדת למעלה או למטה כדי להגיע לקומה המבוקשת, וכמה קומות צריך לזוז",destination_floor,current_floor,floor_difference,door_state,"top_floor = get_top_floor() 
while current_floor! =top_floor:
close_door() 
go_up(1)
open_door()
current_floor = get_current_floor()",MAX_BENEFITS_PER_MONTH,ILS_PER_BENEFIT,client_benefits_count,"is_balance_positive(customer_benefits_count, customer_benefits_used) ",,,,,כן,לא,כן,
2019-06-04 13:57:10,2019-06-04 14:13:40,IP Address,,100,990,True,2019-06-04 14:13:43,R_1IQzjbUOYWEpIXw,,,,,,,anonymous,HE,נקבה,20,4,כן,תואר ראשון,2,כן,"difficuly(size, num_of_mines) ",play_time,mine_map,"מציג בממשק הגרפי מה נמצא בתא ה-(row, col) ",,,,,,מחזיר כמה לשלם לעובד העובד במשך hours שעות ומשתכר בתעריף rate לשעה,מייצג את מספר שעות העבודה,מייצג את השכר לשעה,return hours*rate,base_rate,overtime_rate,,,,,,,cheese_location_today,visited_rooms,maze,,,,,,,,,,,,,,,,,,,,,,,,,,,,,,,,,,,,,,,,,,,,,,,,,,,,כן,לא,כן,
2019-06-04 14:39:45,2019-06-04 14:51:49,IP Address,,100,723,True,2019-06-04 14:51:49,R_2aS25w2Rt0zulXc,,,,,,,anonymous,HE,נקבה,23,4,כן,תואר ראשון,3,כן,GetDificultyLevel,GameDuration,MinesTable,מציג את הערך של התא ששמרנו בסעיף הקודם,,,,,,,,,,,,,,,,,,,,,,,,,,,,,,,,,,,,,,,,,,size,"Creates a list of files, sorted by their names ",A list of files to sort,"A list of files, sorted",CanIncreaseFileSize,,,,,,,,,,,,,,,,,,,,,,MaxPinuksPerMonth,PinukEligibilityPrice,EligiblePinuks,CanUsePinuk,לא,,לא,
2019-06-04 02:00:12,2019-06-04 02:02:47,IP Address,,65,154,False,2019-06-05 02:03:11,R_82PUMea8ZWfGWk1,,,,,,,anonymous,HE,זכר,24,,כן,תואר ראשון,3,,,,,,,,,,,,,,,,,,,,,,,,,,,,,,,,,,,,,,,,,,,,,,,,,,,,,,,,,,,,,,,,,,,,,,,,,,,,,,,,
2019-06-04 02:04:32,2019-06-04 02:06:45,IP Address,,69,133,False,2019-06-05 02:07:30,R_2VeEZYQbRnA1eH9,,,,,,,anonymous,HE,נקבה,26,2,כן,תואר ראשון,3,,,,,,,,,,,,,,,,,,,,,,,,,,,,,,,,,,,,,,,,,,,,,,,,,,,,,,,,,,,,,,,,,,,,,,,,,,,,,,,,
2019-06-04 02:07:18,2019-06-04 02:09:11,IP Address,,68,112,False,2019-06-05 02:09:15,R_TpX3fLD5k5vdq6t,,,,,,,anonymous,HE,נקבה,25,3,כן,תואר ראשון,3,,,,,,,,,,,,,,,,,,,,,,,,,,,,,,,,,,,,,,,,,,,,,,,,,,,,,,,,,,,,,,,,,,,,,,,,,,,,,,,,
2019-06-04 02:05:34,2019-06-04 02:12:46,IP Address,,81,431,False,2019-06-05 02:13:08,R_2usrRrWwqlxk2NO,,,,,,,anonymous,HE,זכר,26,5,כן,תואר ראשון,3,,,,,,,,,,,,,,,,,,,,,,,,,,,,,,,,,,,,,tictactoe_game_grid,מסמן בשורה והעמודה שמתקבלים את הסימון המתאים לתור השחקן,מספר השורה המתאים למהלך,מספר העמודה של המהלך,display_game_board() ,,,,,,,,,,,,,,,,,,,,,,,,,,,,,,,,,,,,,,,
2019-06-04 03:50:12,2019-06-04 03:51:59,IP Address,,61,106,False,2019-06-05 03:52:07,R_2XgSObDMWtfgPLZ,,,,,,,anonymous,HE,זכר,27,3,כן,תואר ראשון,3,,,,,,,,,,,,,,,,,,,,,,,,,,,,,,,,,,,,,,,,,,,,,,,,,,,,,,,,,,,,,,,,,,,,,,,,,,,,,,,,
2019-06-05 03:24:58,2019-06-05 04:24:53,IP Address,,100,3595,True,2019-06-05 04:24:53,R_XigXUbIIsmMqizL,,,,,,,anonymous,HE,נקבה,32,7,לא,,,,,,,,,,,,,,,,,,,,,,,,,,,,,,,,,,,,,,,,,,,,current_game_state,to add user game step,what row in the board the contestant chose,what column in the board the contestant chose,,size,arranges files alphabetically by name,linked list of files,linked list of files arranged by alphabetically by name,"bool IsEnoughSpaceOnDisk(File file, uint32 bytes_to_add, uint32 disk_size_in_bytes",,,,,,It implements the logic of moving the elevator  ,next_elevator_floor,current_elevator_floor,number_of_stores,elevator_door_state,"current_elavator_floor = 0;
for(i=0; i< n; i++)
	if(i.is_pressed)
		next_elevator_floor = i; 
		call_stav_function(next_elevator_floor, current_elavator_floor)
		open_door(i)
		current_elavator_floor = i;",,,,,,,,,,,,,,,כן,כן,כן,
2019-06-04 04:19:03,2019-06-04 05:15:56,IP Address,,92,3412,False,2019-06-05 05:15:59,R_1QilaOluncKOA3H,,,,,,,anonymous,HE,זכר,25,0,כן,תואר ראשון,3,,,,,,,,,,,,,,,,,,,,,,,cheese_position,places_visited,maze,,,,,,,,,,,,,,,,,game_board,לבצע את המהלך שך המשתנה בתור הנוכחי,שורה,עמודה,display_board_to_user,,,,,,,,,,,,,,,,,,,,,,,,,,,,,,,,,,
2019-06-04 03:29:03,2019-06-04 14:02:49,IP Address,,67,38026,False,2019-06-05 14:02:51,R_3HOfL77ofRxDUb7,,,,,,,anonymous,HE,זכר,29,3,כן,תואר ראשון,3,,,,,,,,,,,,,,,,,,,,,,,,,,,,,,,,,,,,,,,,,,,,,,,,,,,,,,,,,,,,,,,,,,,,,,,,,,,,,,,,
2019-06-10 03:56:14,2019-06-10 04:01:47,IP Address,,100,332,True,2019-06-10 04:01:47,R_1etmNYinWWNFhEK,,,,,,,anonymous,HE,זכר,25,,כן,תואר ראשון,4,,,,,,,,,,,,,,,,,,,,,,,cheese_position,places_been,maze,,,,,,,,,,,,,,,,,,,,,,file_size,מסדרת קבצים לפי שם,רשימת קבצים,1 אם הצליח אפס אחרת,increae_file,,,,,,מפעיל את המעלית,target_floor,current_floor,floors_to_go,state,תעצור בכל קומה,,,,,,,,,,,,,,,כן,לא,כן,
2019-06-10 03:58:19,2019-06-10 04:10:39,IP Address,,100,739,True,2019-06-10 04:10:39,R_3PQTz6yH0r3W68i,,,,,,,anonymous,HE,נקבה,28,4,לא,,,,,,,,Yes,"getGameDifficulty(grid_size, number_of_mines_in_grid)",total_game_time,minesweeper_game_board,check what the cell rowxcol contains,,,,,,,,,,,,,,,,,,,,,,,,,,,,,,,,,,,,,,,,,,,,,,,,,,,,,"מקבל שני משתנים var1,var2 המייצגים קומה נוכחית וקומת יעד ומזיז את המעלית בהתאם.",destination_floor,source_floor,floors_to_move,door_state,,,,,,max_benefits_per_month,amount_for_benefit,available_benefits,"use_benefit(availabe_benefits,used_benefits)",כן,לא,כן,
2019-06-10 04:03:34,2019-06-10 04:13:05,IP Address,,100,570,True,2019-06-10 04:13:05,R_2RQFObZZBiMwoZd,,,,,,,anonymous,HE,נקבה,24,,כן,תואר ראשון,3,,,,,,,,,,,מעביר תשלום לעובד לפי מספר השעות ,מספר השעות שעבד העובד החודש,דרגת שכר,,weeks_hours_num,extra_hours_salary,,,,,,,today_cheese_position,positions_mouse_visited,maze,,,,,,,,,,,,,,,,,,,,,,,,,,,,,,,,מעלית עולה יורדת,floor_target,floor_current,floor_distance,door_state,,,,,,,,,,,,,,,,כן,לא,לא,
2019-06-10 04:10:46,2019-06-10 04:22:35,IP Address,,100,709,True,2019-06-10 04:22:36,R_3h3IweeSH4H1hcz,,,,,,,anonymous,HE,זכר,21,0,כן,תואר ראשון,1,,,,,,Yes,"get_difficulty_level(grid_size, number_of_mines)",game_time,game_board,show what a grid cell contains,,,,,,,,,,,,,,,,,,,,,,,,,,,game_grid_state,put x / o in the chosen cell,which row to put the x/o,which col to put x/o,display_game_grid(game_grid_state),,,,,,,,,,,,,,,,,,,,,,,,,,,,,,,,max_benefits_capacity,benefit_price,number_of_benefits_availabe,"is_available_benefit(number_of_benefits_used, number_of_benefits_availabe)",כן,לא,לא,
2019-06-10 04:22:42,2019-06-10 04:33:20,IP Address,,100,637,True,2019-06-10 04:33:20,R_3exZsoF2brbOIQR,,,,,,,anonymous,HE,זכר,28,2,לא,,,כן,"get_game_level(size,mines_number)",time,game_board,חושף תא בלוח,,,,,,,,,,,,,,,,,,,,,,,,,,,,,,,,,,,,,,,,,,,,,,,,,,,,move the elevator to the desired floor,destination,source,floors_difference,door_state,,,,,,,,max_benefits,benefit_price,current_benefits_number,")is_benefit_exist(current_benefits_number, used_benefits_number",,,,,כן,לא,כן,
2019-06-10 04:18:32,2019-06-10 04:41:09,IP Address,,100,1356,True,2019-06-10 04:41:09,R_1GWj8o5kT4jHs4y,,,,,,,anonymous,HE,זכר,24,,כן,תואר ראשון,3,,,,,,,,,,,,,,,,,משלם לעובד,מספר השעות שעבד העובד,דרגת השכר של העובד,,week_hours_num,overtime_wage,cheese_current_position,places_mouse_been_in,maze,,,,,,,,,,,,,,,,,game_current_state,ביצוע תור,שורה,עמודה,display_board,,,,,,,,,,,,,,,,,,,,,,,,,,,,,,,כן,לא,לא,
2019-06-10 04:34:48,2019-06-10 04:52:20,IP Address,,100,1052,True,2019-06-10 04:52:20,R_3PbZOSXjZzigsBr,,,,,,,anonymous,HE,זכר,25,,כן,תואר ראשון,4,,,,,,,,,,,,,,,,,,,,,,,,,,,,,,,,,,,,,,,,,,game_board_status,לשים א הסימן של השחקן (איקס או עיגול) במשבצת שהתקבלה,איזה שורה לשים את הסימן,איזה עמודה לשים את הסימן,display_game_board(game_board_status),file_size,sort the files according to their names,list of the files. files is list of Class File that contains size and name,sorted list of the files according to their names,"increase_file_size(additional_size_required, available_size)",,,,,,,,,,,,מזיז את המעלית לפי הקומה שאנחנו נמצאים בה וזו שרוצים להגיע אליה,dest_floor,src_floor,floors_to_move,door_status,"for floor in range(0, num_of_floors):
go_up(src_floor,dst_floor)
open_door",,,,,,,,,כן,לא,כן,
2019-06-10 04:52:28,2019-06-10 05:06:46,IP Address,,100,857,True,2019-06-10 05:06:47,R_xaqqPmc7P8q3yW5,,,,,,,anonymous,HE,נקבה,23,0,כן,תואר ראשון,2,כן,"get_difficulty_level(board_size, number_of_mines)",game_time,Cell,חושף מה יש במשבצת,,,,,,,,,,,,,,,,,,,,,,,,,,,,,,,,,,,,,current_board_state,לשים את הסימן של המשתמש במשבצת שהתקבלה לפי שורה ועמודה,שורה של המשבצת,עמודה של המשבצת,show_game_board(current_board_state),,,,,,,,,,,,,,,,,מתפעל מעלית לפי הקומה שנמצאים בה והקומה שאליה רוצים להגיע,floor_required,current_floor,floors_to _move,door_status,,,,,,,,,,כן,כן,כן,
2019-06-10 05:06:53,2019-06-10 05:27:55,IP Address,,100,1261,True,2019-06-10 05:27:55,R_xgh9SZmgy1pCg1z,,,,,,,anonymous,HE,נקבה,29,3,לא,,,כן,"get_game_level(rows_number, cols_number, mines_number)",time_played,board_cells_info,"expose cell value in row, col",,,,,,,,,,,,,,,,,,,,,,,,,,,,,,,,,,,,,board_state,put sign in row and col,row in board to put sign,col in board to put sign,display_board,,,,,,,,,,,,,,,,,,,,,,,,,,,maximum_number_of_pinuks_per_month,money_per_pinuk,pinuks_amount_per_month,"is_pinuk_allowed(pinuks_amount_per_month, pinuks_amount_used)",כן,לא,כן,
2019-06-10 05:18:05,2019-06-10 05:28:09,IP Address,,100,603,True,2019-06-10 05:28:10,R_DvLr0EAN5OCZqsV,,,,,,,anonymous,HE,נקבה,24,0,כן,תואר ראשון,0,כן,get_difficulty,dame_duration,board,חושף את המשבצת,,,,,,,,,,,,,,,,,,,,,,,,,,,game_board_state,make a turn,row,column,display_board,,,,,,,,,,,,,,,,,,,,,,,,,,,מזיז תמעלית,source,target,diff,door_state,,,,,,,,,,כן,לא,כן,
2019-06-10 05:24:02,2019-06-10 05:41:34,IP Address,,100,1052,True,2019-06-10 05:41:35,R_3k70YomNIpPo0wX,,,,,,,anonymous,HE,זכר,26,3,כן,תואר ראשון,3,כן,"get_game_level(board_size,num_of_mines)",game_time_passed,game_cells_board,מראה מה יש בתא שנמצא ב -rowxcol,,,,,,,,,,,,,,,,,,,,,,,,cheese_location,visited_locations,labyrinth,,,,,,,,,,,,,,,,,,,,,,,,,,move the elevator to the desired floor,target_floor,source_floor,floors_to_move,door_state,don't have time,,,,,,,,,,,,,,,כן,לא,לא,
2019-06-10 05:36:31,2019-06-10 05:44:31,IP Address,,100,480,True,2019-06-10 05:44:32,R_3EWqZwdW53Ar0Eu,,,,,,,anonymous,HE,זכר,26,,כן,תואר ראשון,3,,,,,,Yes,get_difficulty,game_time,game_board,חושפת משבצת,,,,,,,,,,,,,,,,,,,today_cheese_location,locations_already_visited,labyrinth,,,,,,,,,,,,,,,,,,,,,,,,,,,,,,,,,,,,,,,,,,max_treats,shekels_per_treats,current_month_treats_num,is_enough_treats,כן,לא,לא,
2019-06-10 05:52:54,2019-06-10 06:08:10,IP Address,,100,915,True,2019-06-10 06:08:10,R_2ykpqUw3OZ2oWB4,,,,,,,anonymous,HE,זכר,25,0,כן,תואר ראשון,4,כן,"get_level(number_of_rows,number_of_columns,number_of_mines)",game_time,mines_grid,חושפת מה יש במשבצת שנמצאת בשורה והעמודה שהתקבלו,,,,,,,,,,,,,,,,,,,,,,,,,,,,,,,,,,,,,,,,,,,,,,,,,,,,move an elevator,destination,source,diff_floors,door_state,,,,,,,,,,,,treats_capacity_in_month,treat_value,treats_available,"is_treat_available(used_treats,available_treats)",כן,לא,כן,
2019-06-10 06:03:30,2019-06-10 06:18:42,IP Address,,100,911,True,2019-06-10 06:18:42,R_Zn7Irt4HgQedued,,,,,,,anonymous,HE,נקבה,24,,כן,תואר ראשון,2,,,,,,,,,,,,,,,,,,,,,,,,,,today_cheese_location,mouse_previous_locations,maze,,,,game_board_current_state,make a turn,chosen row,chosen col,display_board,,,,,,,,,,,,,,,,,,,,,,,,,,,,,,,,,,,,,max_monthly_treats,treat_cost,current_month_treats,can_use_treats,כן,לא,כן,
2019-06-10 06:09:44,2019-06-10 06:29:18,IP Address,,100,1174,True,2019-06-10 06:29:19,R_3fHwSGRxat2IPTX,,,,,,,anonymous,HE,זכר,27,3,כן,תואר ראשון,3,,,,,,,,,,,,,,,,,,,,,,,,,,current_cheese_location,visited_rooms,maze,,,,,,,,,,,,,,,,,,,,,,,,,,,,,,,,,,,,,,,,,,,,,max_Pinukim,price_for_pinuk,number_of_pinukim_available,"is_pinuk_available(pinukim_used, pinukim_available)",כן,לא,כן,
2019-06-10 06:31:35,2019-06-10 07:03:52,IP Address,,100,1936,True,2019-06-10 07:03:53,R_eV9zq3Rjb9CZq9P,,,,,,,anonymous,HE,נקבה,25,,כן,תואר ראשון,2,,,,,,,,,,,,,,,,,tells how much a worker should be paid,how many hours the worker worked,how much money the worker gets for one hour,"int pay (hours, rate):
return rate*hours",full_position_hours,day_hour_rate,,,,,,,current_cheese_location,visited_rooms,game_labyrinth,game_board_state,make a turn,row of the cell to sign,column of the cell to sign,display_game_board(game_board_state),,,,,,,,,,,,,,,,,,,,,,,,,,,,,,,,,,,,,,,,,כן,כן,כן,
2019-06-10 06:56:08,2019-06-10 07:12:18,IP Address,,100,970,True,2019-06-10 07:12:19,R_0c8oVP2ebk84wlH,,,,,,,anonymous,HE,נקבה,23,0,כן,תואר ראשון,2,כן,gey_difficulty,game_time,game_board,חושף משבצת,,,,,,מעביר תשלום לעובד,מספר השעות שעבד העובד,כמה כסף הוא מקבל לשעה,,full_time_weekly_hours,overtime_salary,,,,,,,,,,today_cheese_room,rooms_already_visited,maze,,,,,,,,,,,,,,,,,,,,,,,,,,,,,,,,,,,,,,,,,,,,,,,,,כן,לא,לא,
2019-06-10 07:04:38,2019-06-10 07:19:16,IP Address,,100,877,True,2019-06-10 07:19:16,R_1DD7IwxSMo1GhAf,,,,,,,anonymous,HE,זכר,30,2,כן,תואר שני,2,,,,,,,,,,,,,,,,,return the salary of an employee,hours the employee worked,rate the employee gets per hour,return hours*rate,FULL_TIME_WEEK_HOURS,hour_rate,,,,currentCheeseLocation,visited_locations,maze,,,,,,,,,,,,,,,,,,,,,,,,file_size,מיון קבצים לפי סדר אלפביתי,רשימה של מחלקה מסוג FILE שמתאר קובץ (גודל ושם),רשימה ממויינת של קבצים לפי השם,,,,,,,,,,,,,,,,,,,,,,כן,כן,כן,
2019-06-10 07:05:28,2019-06-10 07:26:53,IP Address,,100,1284,True,2019-06-10 07:26:53,R_2THQEWTPJ9mqGO1,,,,,,,anonymous,HE,נקבה,21,0,כן,תואר ראשון,2,,,,,,,,,,,,,,,,,calculate the salary for given amount of hours,hours of working,rate of the hours,return rate * hours;,full_time_position_hours_requirement,overtime_rate,,,,cheese_location,rooms_visited,maze,,,,,,,,,,,,,,,,,,,,,,,,,,,,,,,,,,,,,,,,,,,,,max_treat_number,treat_rate,treats_available_number,"is_treat_available(treats_available_number, treats_number_used)",כן,לא,לא,
