StartDate,EndDate,Status,Progress,Duration (in seconds),Finished,RecordedDate,DistributionChannel,UserLanguage,Q183_1,Q61,Q62,Q63,Q79,Q49,Q50,Q51,Q53,Q54,Q55,Q80,Q81,Q81,Q82,Q83,Q160,Q84,Q93,Q94,Q95,Q159,Q96,Q99,Q100,Q101,Q102,Q103,Q117,Q118,Q119,Q157,Q158,Q122,Q123,Q124,Q125,Q127,Q126,Q136,Q137,Q138,Q139
Start Date,End Date,Response Type,Progress,Duration (in seconds),Finished,Recorded Date,Distribution Channel,User Language,Years of programming experience,How would you call the variable holding the location of the cheese today?,How would you call the variable (or data structure) keeping track of where has he already visited?,How would you call the data structure describing the maze?,How would you call the variable holding the location of the cheese today?,What do you think the interface does?,What is the purpose of hours parameter?,What is the purpose of rate parameter?,Implement the interface.,Name the constant containing the value 45:,Name the variable for the hourly wage during overtime pay:,How would you call the variable (or data structure) keeping track of where has he already visited?,How would you call the data structure describing the labyrinth?,How would you name the variable (or data structure) describing the current state of the game board?,"The implementation includes a function make_turn(int row, int col) What do you think it does?","What is the purpose of the ""row"" parameter?","What is the purpose of the ""col"" parameter?",Playing requires displaying the board to the user. Propose a function signature for this purpose (function name + parameters),How would you name the variable (or data structure) describing the current state of the game grid?,"The implementation includes a function make_turn(int row, int col) What do you think it does?","What is the purpose of the ""row"" parameter?","What is the purpose of the ""col"" parameter?",Playing requires displaying the grid to the user. Propose a function signature for this purpose (function name + parameters),The implementation contains a class which describes a file within the system. How would you name the field describing the file’s size?,"The implementation contains a function arrangeFilesByName(files)  In your opinion, what does it do?",What is the role of the parameter? what is its type?,What do you think it returns?,"The implementation includes a function that receives a file, by how much we want to increase it, and the available space on the disk, and checks whether there is enough space. Suggest a signature for this function.","Write an API function signature to help Ori calculate, given the quantities of ingredients he has, how many sandwiches he can produce.","What do you think  profit (units, cost, price)  function does?","What is the purpose of the ""units"" parameter?","What is the purpose of the ""cost"" parameter?","What is the purpose of the ""price"" parameter?",What does this code do?,Replace var1 with a name you would have used.,Replace var2 with a name you would have used.,Replace var3 with a name you would have used.,How would you call the variable describing the state of the elevator’s door (open/closed)?,Stav wants to check whether the code was properly corrected. She goes into the elevator on the 0 ground floor and presses all the buttons together. It is expected that the elevator will rise and open at each floor. Write a pseudo code loop that passes all the floors in ascending order from floor 0 and opens the door on each floor.,Name the constant holding the value 4 according to its purpose.,Name the constant holding the value 2000 according to its purpose.,Name the variable holding the number of benefits the client is entitled to during the current month.,"When a customer wants to use a benefit, the system executes a function which works as follows:  Input:     Number of benefits the customer is entitled to during the current month     Number of benefits the customer has used during the current month  The function calculates the difference, and returns TRUE if the balance is positive.  Write a function signature for this function."
2018-05-14 13:20:42,2018-05-14 13:46:54,IP Address,100,1571,True,2018-05-14 13:46:54,anonymous,HE,,,,,,,,,,,,,,,,,,,grid,בוחר עבור השחקן הנוכחי את המשבצת בקואורדינטות שנבחרו,בחירת השורה לסמן,בחירת העמודה לסמן,show_grid(grid),,,,,,"max_sandwiches(biscuits, icecream, paper length, paper width)",return units*(price-cost),מספר המוצרים שנמכרו,עלות הייצור/קניה של המוצר עבור המוכר,המחיר שבו מוכרים את המוצר,,,,,,,MAX_BENEFITS_NUM,BENEFIT_THRESHOLD,client_benefits,"bool is_bal_positive(entitled, used)"
2018-05-22 10:59:45,2018-05-22 11:21:39,IP Address,100,1314,True,2018-05-22 11:21:40,anonymous,HE,9,,,,,מחשב את השכר של העובד לפי מספר השעות והשכר השעתי שלו,מספר השעות שעבד בתקופה מסויימת,אין כזה,return hours * rate;,FULL_TIME_WEEKLY_HOURS,overtime_rate,,,currentBoardState,adds the player's mark in the given position,indicate the row to add the mark in,indicate the column to add the mark in,displayBoard(Board board),,,,,,,,,,,,,,,,,,,,,,MAX_BENEFITS_PER_MONTH,ILS_PER_BENEFIT,current_month_benefits_count,has_available_benefits
2018-05-22 21:29:40,2018-05-22 21:49:39,IP Address,100,1198,True,2018-05-22 21:49:40,anonymous,HE,9,,,,,,,,,,,,,,,,,,,,,,,,,,,,,,,,,,,,,,,MAX_MONTHLY_BENEFITS,BENEFIT_AMOUNT_ILS,currentMonthBenefits,HasSufficientBenefits
2018-05-22 09:20:51,2018-05-22 10:05:49,IP Address,93,2698,False,2018-05-24 10:05:57,anonymous,HE,9,,,,,,,,,,,,,,,,,,,,,,,size,ממיין את רשימת הקבצים לפי שם,"הקבצים למיון, רשימה של קבצים",רשימה חדשה ממויינת של קבצים,"expand_file(int add_size, int size_left)",,,,,,,,,,,,,,,
2018-05-21 15:48:04,2018-05-21 16:02:19,IP Address,52,854,False,2018-05-25 19:36:37,anonymous,HE,9,,,,,,,,,,,,,,,,,,,,,,,,,,,,,,,,,,,,,,,,,,
2018-05-21 15:37:27,2018-05-21 15:41:46,IP Address,38,258,False,2018-05-25 19:36:39,anonymous,HE,9,,,,,,,,,,,,,,,,,,,,,,,,,,,,,,,,,,,,,,,,,,
2018-05-21 15:06:35,2018-05-21 15:22:30,IP Address,79,955,False,2018-05-25 19:36:39,anonymous,HE,9,,,,,,,,,,,,,,,,,,,,,,,,,,,,"nt wrapWidth, int wrapLength)int numSandwitchesPossible(int biacuits,int iceCream,i",units*(price-cost),number of units sold,cost per unit,price per unit,,,,,,,,,,
2018-05-25 22:25:07,2018-05-25 22:31:24,IP Address,65,377,False,2018-05-26 21:33:07,anonymous,HE,9,cheeseLocation,locationsVisited,maze,,,,,,,,,,,,,,,,,,,,,,,,,,,,,,,,,,,,,,,
2018-05-28 15:51:53,2018-05-28 16:12:27,IP Address,100,1234,True,2018-05-28 16:12:27,anonymous,HE,9,,,,,"pay the employee - for example, if employee implement the interface - worker.pay(6, 20)",How many hours the employee worked / needs to payed on,The hourly wage,"pay(hours, rate) {     this.bankDetails.transfer(hours * rate); }",FULLTIME_POSITION,overtimeWage,,,,,,,,,,,,,,,,,,"int howManyPossiblesandwiches(biscuits, icecream, wrappingPaper)",Tells Ori how much he's going to profit for selling X units according to the price he paid for making them and the selling price,How many units of sandwiches were sold or to be sold,The cost to create each sandwich,The selling price of each sandwich,,,,,,,MAX_MONTH_BENEFITS,MINIMAL_BENEFIT_EXPENSE,benefits,"hasMoreBenefits(benefits, used)"
2018-05-21 20:50:02,2018-05-21 21:02:58,IP Address,100,775,True,2018-05-21 21:02:58,anonymous,HE,8,,,,cheeseLocation,,,,,,,visitedRooms,maze,,,,,,,,,,,,,,,,,,,,,,,,,,,,,,
2018-05-21 20:49:27,2018-05-21 21:06:46,IP Address,100,1039,True,2018-05-21 21:06:47,anonymous,HE,8,,,,,,,,,,,,,,,,,,,,,,,,,,,,,,,,,,,,,,,,,,
2018-05-22 12:04:31,2018-05-22 12:11:32,IP Address,77,420,False,2018-05-24 12:12:07,anonymous,HE,8,,,,,,,,,,,,,,,,,,currentGameState,updates the state by marking the player's symbol in the chosen cell,indicates row of the chosen cell,indicates column of the chosen cell,show_grid(currentGameState),,,,,,,,,,,,,,,,,,,,
2018-05-23 09:03:05,2018-05-23 15:52:45,IP Address,94,24579,False,2018-05-24 15:53:16,anonymous,HE,8,,,,,,,,,,,,,,,,,,,,,,,,,,,,,,,,,,,,,,,,,,
2018-05-21 20:36:15,2018-05-21 21:22:37,IP Address,71,2781,False,2018-05-25 19:34:23,anonymous,HE,8,,,,,,,,,,,,,,,,,,,,,,,,,,,,,,,,,,,,,,,,,,
2018-05-21 12:53:10,2018-05-21 13:13:53,IP Address,100,1243,True,2018-05-21 13:13:54,anonymous,HE,7,,,,cheese_loc,calculates the total payment to an employee,how many hours the employee worked,rate* parameter. the hourly rate,return hours*rate;,MIN_WEEKLY_HOURS,OVERTIME_WAGE,visited,graph,board,sets X or O (whichever's applicable) at the appropriate location,determine the row in the board to place a piece,determine the column in the board to place a piece,void draw(),,,,,,size,returns a sorted lists of the files' names,array of strings of file names,array,"bool enough_space_left(FILE* fp, uint space_left, uint new_size)",,,,,,,,,,,,MAX_BENEFITS,ILS_PER_BENEFIT,num_potential_benefits,"bool (int num_potential_benefits, int num_used_benefits)"
2018-05-21 13:03:34,2018-05-21 13:33:25,IP Address,100,1790,True,2018-05-21 13:33:26,anonymous,HE,7,,,,curr_pos,Registers payment for that employee.,The number of hours,The rate,"def pay(hours, rate) : Db. Register(hour * rate)",FULL_TIME_WEEKLY_HOURES,OVERTIME_WEDGE,Position,Labyrinth,,,,,,,,,,,,,,,,,,,,,Controls the elevator given user request,input_floor,curr_floor,floor_diff,curr_state,,,,,
2018-05-21 22:00:54,2018-05-21 22:32:57,IP Address,100,1922,True,2018-05-21 22:32:57,anonymous,HE,7,,,,cheeseLocation or prizeLocation or cheesePos or prizePos or targetPos or tgtPos or goalPos,"in case its used on worker object, adds hours mul. rate to his money balance",how many hours the worker worked,what is the worker's hourly salary,this.money += hours*rate; this.company.money -= hours*rate;,NORMAL_WEEK_HOURS,bonusMoneyPerHour,"visitedLocation or visitedLoc, or visitedPos, or usedCells",labyrinth or maze or map or gameMap or level,,,,,,,,,,,,,,,,,,,,,,,,,,,,,,
2018-05-21 22:58:24,2018-05-21 23:19:13,IP Address,100,1249,True,2018-05-21 23:19:14,anonymous,HE,7,,,,,,,,,,,,,current_state,adds X or O to the place having row {row} and column {col},מציין  את השורה בטבלה,מציין את העמודה,display_board(boolean[][] board),,,,,,,,,,,,,,,,,,,,,,,,,
2018-05-21 23:11:05,2018-05-21 23:45:26,IP Address,100,2060,True,2018-05-21 23:45:27,anonymous,HE,7,,,,,,,,,,,,,,,,,,,,,,,size_in_bytes,Sorts the given array of class files according to the  lexicographical order of their underlying files' names.,The role is to let the function know which files to organize. It's type is a list of file class.,A sorted list according to the files' names,"bool is_enough_space_to_increase_file_size(file, size_to_increase, space_available_on_disk)",,,,,,,,,,,,BENEFIT_MAX_NUM,ILS_TO_BENEFIT,number_of_benefits_to_grant,"bool does_user_has_more_benefits(number_of_benefits_to_grant, number_of_benefits_used)"
2018-05-22 00:02:59,2018-05-22 00:12:34,IP Address,100,575,True,2018-05-22 00:12:35,anonymous,HE,7,currentLocation,roomsVisited,maze,,,,,,,,,,,,,,,,,,,,,,,,,,,,,,,,,,,,,,,
2018-05-22 08:00:59,2018-05-22 08:10:42,IP Address,100,582,True,2018-05-22 08:10:42,anonymous,HE,7,,,,,,,,,,,,,,,,,,,,,,,,,,,,,,,,,,,,,,,,,,
2018-05-23 16:47:31,2018-05-23 17:22:27,IP Address,100,2095,True,2018-05-23 17:22:27,anonymous,HE,7,,,,,calculates hours*rate and pays the employee,number of hours the employee worked,employee's hourly wage value,"pay (hours, rate): return hours*rate",REQUIRED_HOURS,overtime_rate,,,,,,,,,,,,,,,,,,"calculate_how_many_sandwiches(biscuits, ice_cream_cups, papers)",return units * (price - cost),the number of units bought and sold,amount at which a unit is purchased,amount at which a unit is sold,"checks if the input floor number (var1) is above current floor number (var2) or below it, and orders the elevator to move |var1 - var2| floors in that direction",input_floor,current_floor,floors_diff,is_closed,"if current_floor !=0:   go_down(-current_floor) // should work on underground floors too, because -(-num)==num for i in (0, top_floor)   go_up(1)",,,,
2018-05-23 08:54:27,2018-05-23 09:00:00,IP Address,69,333,False,2018-05-24 09:00:06,anonymous,HE,7,,,,,,,,,,,,,,,,,,,,,,,,,,,,,,,,,,,,,,,,,,
2018-05-23 09:38:16,2018-05-23 11:13:03,IP Address,73,5687,False,2018-05-24 11:13:06,anonymous,HE,7,,,,cheese_loc,,,,,,,checked_locs,labyrinth,,,,,,,,,,,file_size,sort a list of files by alphabetic order,"the list of files to sort, type is linked list or array",nothing or success / failure indicator,can_file_size_be_increased,,,,,,,,,,,,,,,
2018-05-25 00:16:41,2018-05-25 00:47:26,IP Address,100,1845,True,2018-05-25 00:47:27,anonymous,HE,7,targetLocation,visited,maze,,,,,,,,,,,,,,,,,,,,,,,,,,,,,,,,,,,,BENEFITS_ACCUMULATED_LIMIT,ILS_PER_BENEFIT,benefitsBalance,"boolean hasRemainingBenefits(int startingBalance, int amountUsed)"
2018-05-27 16:25:44,2018-05-27 16:33:33,IP Address,100,469,True,2018-05-27 16:33:33,anonymous,HE,7,curCheeseLoc,visitiedLocs,Maze,,calculates the product of the given number of hours and the given hourly wage,the number of hours worked,the hourly wage rate,pay=hours*rate,OVERTIME_THRESH,overtimeRate,,,curBoardState,updates the board with the current player's mark at the given board coordinates,indicate the row coordinate for the current move,indicate the column coordinate for the current move,dispBoard(curBoardState),,,,,,,,,,,,,,,,,,,,,,,,,
2018-05-27 17:41:45,2018-05-27 17:55:11,IP Address,100,806,True,2018-05-27 17:55:12,anonymous,HE,7,,,,cheeseCoords,,,,,,,visited,labyrinth,,,,,,,,,,,,,,,,"ingrediantsToCookies(int bis, int haldIceCreamCup, int wrapWidth, int wrapHeight)",מחשבת כמה רווח אפשר לעשות ממספר יחידות נתון,מספר היחידות הנתון,מחיר עלות ליחידה,מחיר מכירה ליחידה,decides wether the elevator should go up or down,requestedFloor,currentFloor,diffFloors,doorState,,,,,
2018-05-21 14:57:44,2018-05-21 15:28:21,IP Address,100,1836,True,2018-05-21 15:28:22,anonymous,HE,6,,,,,,,,,,,,,,,,,,,,,,,,,,,,,,,,,"מחשב האם צריך לרדת או לעלות, ומעלה / מוריד את המעלית את מספר הקומות בהתאם",requested_floor,current_floor,floors_to_move,is_door_open,טענתם שזה 10 דקות... אין לי זמן וכוח לכתוב עכשיו קוד,,,,
2018-05-21 20:57:18,2018-05-21 21:11:53,IP Address,100,874,True,2018-05-21 21:11:54,anonymous,HE,6,,,,cheeseLocation,,,,,,,VisitedRooms,Labyrinth,,,,,,,,,,,,,,,,,,,,,,,,,,,,,,
2018-05-22 10:46:38,2018-05-22 11:01:04,IP Address,100,866,True,2018-05-22 11:01:06,anonymous,HE,6,,,,,,,,,,,,,,,,,,,,,,,file_size,sorts the files lexicographically by file name,"The set of files to be dorted. It is a collection (e.g. array, list, etc...) of File",a collection of File,"check_availability (File file_to_expand, int expansion_size, int free_space)","number_of_sandwiches (int number_of_biscuits, int cups_of_ice_cream, int wrapping_paper_in_square_meters)","calculates the profit for selling ""units"" sandwiches for ""price"" each, assuming each sandwich costs Ori ""cost"" (units*(price-cost))",The number of sandwiches sold,the cost for Ori to make a sandwich,The price at which Ori sells the sandwiches,Goes from floor var2 to floor var1,target_floor,current_floor,floors_to_climb,is_open,While (current_floor &lt; top_floor) {     close_door();     go_up(1);     open_door(); },MAX_NUMBER_OF_BENEFITS,AMOUNT_NEEDED_FOR_BENEFIT,benefits_entitlement_current_month,"has_benefits(int benefits_entitlement, int benefits_used)"
2018-05-22 09:33:44,2018-05-22 12:08:36,IP Address,100,9291,True,2018-05-22 12:08:37,anonymous,HE,6,dailyLocation,traversedLocations,totalLocations,,Return the salary of the employee based on the rate and hours they worked,Total hours the employee worked,rate is payment per hourpay is total payment,return rate*hours,BASE_WEEKLY_HOURS,overtimeHourlyWage,,,,,,,,,,,,,fileSize,Sorts the given files based on their full name,List of the class above for the reauired files to handle,Sorted list,"public boolean checkSpace(MyFile file, int requiredSpace,int freeDiskSpace)",,,,,,calculates the difference between current floor and desired floor and sets direction accordingly,desiredFloor,currentFloor,floorDiff,doorState,curFloor =0 open_door while curFloor &lt;maxFloors: go_up(1) open_door curFloor+=1,ACCUMULATION_MONTH_LIMIT,BENEFIT_RATE,curBalance,"public boolean isEligible (benefitsBalance,usedBenefits)"
2018-05-23 08:54:54,2018-05-23 09:12:03,IP Address,100,1029,True,2018-05-23 09:12:03,anonymous,HE,6,current_place,VisitedRooms,Maze,,return hours*rate (roughly),total number of hours,"there is no pay parameter, rate is the base rate per hour","def pay(hours,rate): return hours*rate",BASE_SALARY_HOURS,OVERTIME_RATE,,,GameState,plays the next move at specific location,row in the matrix,column in the matrix,show_board(),,,,,,,,,,,"calc_sandwich_num(biscuits, icecream_cups, wrap_paper)","returns the profit from selling the specific number of units at a specific price.  the cost is ambiguous, since it is not clear if it is unit cost or total cost",how many units sold,"the cost is ambiguous, since it is not clear if it is unit cost or total cost",price per unit,,,,,,,,,,
2018-05-23 16:46:09,2018-05-23 16:56:40,IP Address,100,630,True,2018-05-23 16:56:40,anonymous,HE,6,,,,,,,,,,,,,,,,,,GameBoard,"מוסיפה את הצורה הנוכחית ב-col, row",להגדיר באיזה שורה להכניס את הצורה,להגדיר את העמודה,Display (),,,,,,,,,,,,,,,,,,,,
2018-05-22 01:03:30,2018-05-22 01:21:55,IP Address,95,1104,False,2018-05-24 01:22:18,anonymous,HE,6,,,,,,,,,,,,,,,,,,,,,,,,,,,,,,,,,Go from floor var2 to floor var1,target_floor,current_floor,number_of_floors_to_climb,is_open,while currentFloor &lt; maxFloor { close_door() go_up(1) open_door() },,,,
2018-05-22 11:36:28,2018-05-22 11:42:31,IP Address,60,363,False,2018-05-24 11:42:42,anonymous,HE,6,,,,,,,,,,,,,Status,Move current position to row and col,Index indicates the rows in matrix. This is the j in Arr[I][j],Index indicates the cols in matrix. This is the i in Arr[I][j],"Bool draw(const Board* b,const unsigned int N, const unsigned int M)",,,,,,,,,,,,,,,,,,,,,,,,,
2018-05-21 16:08:14,2018-05-21 17:49:46,IP Address,31,6092,False,2018-05-25 19:36:03,anonymous,HE,6,cheese_location,rooms_visited,maze,,,,,,,,,,,,,,,,,,,,,,,,,,,,,,,,,,,,,,,
2018-05-21 16:29:23,2018-05-21 16:37:19,IP Address,36,475,False,2018-05-25 19:36:07,anonymous,HE,6,,,,,,,,,,,,,,,,,,,,,,,,,,,,,,,,,מחשב כמה צריך לעלות או לרדת לפי לחיצת הנוסע ומבצע את בקשתו,selectedFloor,currentFloor,floorsDelta,doorState,currentFloor=0 while going up is possible go_up(1) open_door(),,,,
2018-05-27 16:42:06,2018-05-27 16:50:08,IP Address,100,482,True,2018-05-27 16:50:08,anonymous,HE,6,,,,Curr_cheese_loc,,,,,,,Visited,Lab_desc,,,,,,,,,,,,,,,,,,,,,,,,,,,,,,
2018-05-27 16:52:57,2018-05-27 17:16:16,IP Address,100,1398,True,2018-05-27 17:16:16,anonymous,HE,6,,,,Cheese_room_index,,,,,,,Visited_rooms,Maze_board,Current_game_board,"Put x or o as the turn on [col,row] and move to the next turn",Hight in the table . tell in which row it is inside od the table,Same as row but for col,"Display_game_Board(Board game_Board, UserOutput useroutput",,,,,,,,,,,,,,,,See if we need to move up or down and then move the amount of levels needed,Press_buttom_level1,Press_button_level2,Different_between,Elevator_state,For i from 0 to levels OpenDoors() CloseDoors() Go_up(1),,,,
2018-05-27 20:08:32,2018-05-27 20:37:35,IP Address,100,1742,True,2018-05-27 20:37:35,anonymous,HE,6,,,,,,,,,,,,,,,,,,,,,,,size,"Given an array of files, returns the same array with the same files sorted by their the name field.",The files parameter is an array of files (File[]).,"The pointer to the same array, sorted by names. It could also be void.","private boolean canAdd(File file, int dataAmount, int freeDiskSpace)",,,,,,"Given the destination floor and the current floor, the code decides which direction the elevator should go to now, and how many floors it should move in that direction.",destinationFloor,currentFloor,floorDiff,isDoorOpened,if (isDoorOpened())    closeDoor() while (currentFloor &lt;= TOP_FLOOR)    go_up(1)    openDoor()    wait(5 * SECOND)    closeDoor(),MONTHLY_BENEFIT_LIMIT,BENEFIT_THRESHOLD,entitledBenefits,"boolean hasBenefits(entitledBenefits, usedBenefits)"
2018-05-21 15:48:13,2018-05-21 16:18:27,IP Address,100,1813,True,2018-05-21 16:18:27,anonymous,HE,5,,,,cheeseLocation,,,,,,,visitedCoordinates,labyrinth,boardCurrState,Allocates x or o on the board,Which row to put the x/o on,Which column number to put the x/o on,List&lt;List&lt;string&gt;&gt; getBoard(),,,,,,,,,,,,,,,,,,,,,,MAX_MONTHLY_BENEFITS,ENTITLEMENTS_THRESHOLD,currentMonthEntitlement,"public boolean isEntitledToUse(int currentMonthEntitlement, int currentMonthUsage)"
2018-05-21 15:43:11,2018-05-21 19:44:39,IP Address,100,14488,True,2018-05-21 19:44:40,anonymous,HE,5,,,,,,,,,,,,,,,,,,,,,,,fieldSizeBytes,"ממיינת ומחזירה מערך ממויין של קבצים לפי האל""ף בי""ת בסדר עולה",מערך המכיל אובייקטי קבצים,"מערך ממויין של קבצים לפי האל""ף בי""ת בסדר עולה","boolean verifyFileEnhancement(File file, int bytesToEnhance, int diskFreeBytes)","int getNumSandwiches(int biscuits, double iceCreamCups, int wrapperWidth, int wrapperHeight)",מחשב נטו רווח,מספר היחידות שיש להנפיק,עלות יחידה,מחיר צרכן ליחידה,,,,,,,,,,
2018-05-21 22:07:34,2018-05-21 22:30:33,IP Address,100,1379,True,2018-05-21 22:30:34,anonymous,HE,5,,,,cheese_location,,,,,,,visited_map - a 2D array,a 2D array,,,,,,,,,,,_fileSize,הפונקציה ממיינת את הקבצים לפי שדה השם באופן לקסיקוגרפי ומחזירה רשימת קבצים ממוינים בצורה זו.,"הפרמטר מציין את רשימת הקבצים הנתונים, והוא כנראה מטיפוס מערך של אובייקטי file","מערך של אובייקטי file, ממוין כנדרש","boolean CanIncreaseFile(File file, int delta_bytes, int free_disk_space_bytes)",,,,,,,,,,,,,,,
2018-05-22 13:21:10,2018-05-22 13:48:33,IP Address,100,1643,True,2018-05-22 13:48:34,anonymous,HE,5,,,,,,,,,,,,,,,,,,,,,,,,,,,,CalcQuantity,,,,,,,,,,,,,,
2018-05-22 13:38:58,2018-05-22 13:56:13,IP Address,100,1035,True,2018-05-22 13:56:13,anonymous,HE,5,,,,,,,,,,,,,Matrix,מסמנת איקס או עיגול במשבצת מסוימת על הלוח.,לציין לאיזה מספר שורה אנו מתכוונים על הלוח.,לציין את מספר העמודה על הלוח.,Char[][] display_matrix(),,,,,,,,,,,,,,,,,,,,,,,,,
2018-05-22 17:28:02,2018-05-22 17:31:24,IP Address,61,202,False,2018-05-23 17:31:26,anonymous,HE,5,,,,,,,,,,,,,,,,,,,,,,,,,,,,,,,,,,,,,,,,,,
2018-05-23 10:48:28,2018-05-24 09:03:17,IP Address,100,80088,True,2018-05-24 09:03:17,anonymous,HE,5,,,,,,,,,,,,,,,,,,,,,,,,,,,,,,,,,,,,,,,MAX_ACC_BENEFITS,MAX_BENEFIT_VALUE,curr_month_benefits_amount,"boolean is_entitled(int curr_month_benefits, int used_benefits)"
2018-05-22 10:17:00,2018-05-22 10:34:25,IP Address,80,1044,False,2018-05-24 10:34:29,anonymous,HE,5,,,,,,,,,,,,,,,,,,,,,,,,,,,,,,,,,Moves the elevator from where it currently is to a given floor,targetFloor,currentFloor,distance,doorState,floors &lt;- sort(floors) currentFloor &lt;- 0 for each floor in floors     go_up(floor - currentFloor)     currentFloor &lt;- floor     open_door()     close_door(),,,,
2018-05-21 18:21:18,2018-05-21 18:44:27,IP Address,65,1389,False,2018-05-25 19:35:03,anonymous,HE,5,,,,,,,,,,,,,,,,,,,,,,,__size,sort the files in alphabetical order,the parameter is a container of the files an its probably an array,an array of the sorted files,"check_available_size(file, size)",,,,,,,,,,,,,,,
2018-05-21 19:33:57,2018-05-21 19:44:17,IP Address,69,620,False,2018-05-25 19:35:27,anonymous,HE,5,,,,,,,,,,,,,,,,,,,,,,,,,,,,,,,,,,,,,,,,,,
2018-05-21 19:04:29,2018-05-21 19:06:24,IP Address,60,114,False,2018-05-25 19:35:30,anonymous,HE,5,,,,,,,,,,,,,,,,,,,,,,,,,,,,,,,,,,,,,,,,,,
2018-05-21 11:30:41,2018-05-21 11:47:19,IP Address,69,997,False,2018-05-25 19:36:40,anonymous,HE,5,Target,Trail_history,Maze,,,,,,,,,,,,,,,,,,,,,,,,,"get_posibble_quant_of_biscuits(chock, vanila, wrap)",מחזירה את הרווח השולי,מס הביסקוויטים,עלות ייצור לביסקוויט,מחיר מתומחר לביסקוויט,,,,,,,,,,
2018-05-27 20:08:23,2018-05-27 20:53:01,IP Address,100,2677,True,2018-05-27 20:53:01,anonymous,HE,5,,,,room curCheeseRoom,,,,,,,bool visited,room[] Rooms,,,,,,,,,,,size,"returns a list (an array) of files, arranged by name",it's an array of size objects and those are the files that will be returned sorted,"an array of files, sorted by name","attemptToIncrease(file, newSize, availableSpace)",,,,,,,,,,,,,,,
2018-05-27 18:50:20,2018-05-28 01:37:37,IP Address,100,24437,True,2018-05-28 01:37:37,anonymous,HE,5,cheese_loc,visited_locs,Maze,,,,,,,,,,,,,,,,,,,,,,,,,,,,,,Takes the elevator to the floor specified by var1,Floor_to,Floor_from,Floors_diff,Is_door_open,For I in range (floors):     go_up(1),Max_benifits_amount,ILS_FOR_BENIFIT,Client_benifits_count,Bool is_eligible_for_benifit
2018-05-27 16:25:44,2018-05-27 16:29:49,IP Address,74,245,False,2018-05-28 09:52:26,anonymous,HE,5,,,,,"Execute payment to all employees per hour, in a specific rate",Hours to pay for,The amount of money per time,,DAYS_PAYMENT_THRESHOLD,extra_wage,,,,,,,,,,,,,,,,,,,,,,,,,,,,,,,,
2018-05-27 17:11:23,2018-05-27 17:17:36,IP Address,69,372,False,2018-05-28 10:08:43,anonymous,HE,5,,,,,,,,,,,,,,,,,,,,,,,,,,,,,,,,,Checks which direction the elevator was ordered to go and tell it to go in that direction,Dir1,Dir2,Direction,,,,,,
2018-05-21 16:01:51,2018-05-21 16:52:40,IP Address,100,3049,True,2018-05-21 16:52:41,anonymous,HE,4,,,,,transfers money to the employee.,define the the total number of hours the employee worked,"you meant rate, it defines how much money per work hour the employee gets",return hour*rate,BASE_RATE,hourly_rate,,,,,,,,,,,,,_size,sorts the files in files according to their name member value and returns the sorted list (or sorts in place),"pass the reference to the list, the type is a list&lt;file&gt;","list&lt;file&gt;, returns a list of the files in files ordered by name(list of references to the objects)",increaseFileSize(file),"min(biscuits//2, floor(vanilla/0.5), (wrapping_paper_height//20) * (wrapping_paper_width//10))",return units*(price-cost),# of sandwiches sold,cost of the ingredients for a single sandwich,price for which a single sandwich is sold,,,,,,,,,,
2018-05-21 16:42:20,2018-05-21 17:00:06,IP Address,100,1066,True,2018-05-21 17:00:06,anonymous,HE,4,cheese_loc,visited_locs,maze,,Calculate the worker's wage,How many hours the worker worked,What is the rate per hour,return hours *rate,required_work_hours,overtime_rate,,,,,,,,,,,,,,,,,,"calculate_num_of_sandwiches(biscuit, ice_cream, paper)",calculate the profit from selling units of sandwiches,the number of sandwiches,the cost of making a sandwich,the price of selling a sandwich,,,,,,,max_benefits,shekel_per_benefit,entitled_benefits_per_month,"can_use_benefit(entitled_benefits_per_month, used_benefits)"
2018-05-21 19:30:02,2018-05-21 19:45:20,IP Address,100,918,True,2018-05-21 19:45:21,anonymous,HE,4,,,,,,,,,,,,,,,,,,,,,,,,,,,,"HowManySandiwichesFromIngredients(biacuitsNum, IceCreamCups, PaperArea)","Calculates the net max profit that can be generated from selling the given number of units, given their cost & price provided",To hold the number of sandwiches sold,To hold the production Costco of a single unit,To hold the price of a single unit,,,,,,,,,,
2018-05-21 18:55:25,2018-05-21 19:55:27,IP Address,100,3601,True,2018-05-21 19:55:28,anonymous,HE,4,,,,,,,,,,,,,,,,,,,,,,,_size,Returns a alphabetically ordered version of files,"A dataset of type &lt;File&gt; the parameter is a set of files, meant to be the reference to Which files to arrange alphabetically",A set of files alphabetically orderedh,"hasEnoughSpaceToIncrease(File file, Number increasBy)",,,,,,,,,,,,MAX_BENEFITS_PER_MONTH,BILLED_AMOUNT_FOR_BENEFIT,_currentNumOfBenefits,"CanUseABenefit(currentNumOfBenefits, currentNumOfBenefitsUsed)"
2018-05-23 00:46:16,2018-05-23 02:54:50,IP Address,100,7713,True,2018-05-23 02:54:51,anonymous,HE,4,,,,cheeseLocation,calculates the salary/payment,number of working hours,"pay is the interface, if you mean rate then it is the worker fixed wage value",return hours*rate,maxWeeklyHours,hourlyOverTimeWage,visitedTree,labyrinthTree,,,,,,,,,,,,,,,,,,,,,tells the elevator where to go and how much,requestedFloor,currentFloor,deltaRequestVsCurrent,elevatorDoorState,"CustomizedPriortyQueue requestedFLoors = input(); while(requestedFloors.hasNext()) {   requestFloor = requestedFloors.dequeue()   closeDoor()   getToNextFloor(requestFloor, currentFloor)  openDoor() }",,,,
2018-05-23 09:04:58,2018-05-23 09:25:18,IP Address,100,1220,True,2018-05-23 09:25:18,anonymous,HE,4,,,,curren_location,,,,,,,locations_tried,available_locations,,,,,,,,,,,size,Changes the files to be order by their name alphabetical,List of the File type,"No return, just change","can_increase_file(file, size_to_@dd, availabl_space)",,,,,,"Checking if the elevator going upwards or downwards, and calls the relevant function with the number of floors to travel",new_floor,curren_floor,floors_to_move,is_opened,,,,,
2018-05-24 08:31:00,2018-05-24 09:01:50,IP Address,100,1849,True,2018-05-24 09:01:51,anonymous,HE,4,cheese_posion,visited,maze,,,,,,,,,,,,,,,game_screen,"get row and colom and put there x or per turn, then display the new game_screen",לדעת באיזו שורה בחר השחקן לסמן,לדעת באיזו עמודה בחר השחקן לסמן,display_game(game_screen),,,,,,"how_many_sandwiches(biscuits,cups of ice cream, higth paper, wigth paper)",מחזירה ערך של כמה רווח יצא מיום/חודש עבודה,לדעת כמה קסטות נמכרו ולהכפיל במחיר וכך לדעת הכנסות,לדעת עלויות והוצאות,לדעת מחיר שנמכרו הקסטות,,,,,,,,,,
2018-05-23 15:09:21,2018-05-23 15:56:18,IP Address,82,2816,False,2018-05-24 15:56:36,anonymous,HE,4,,,,,,,,,,,,,,,,,,,,,,,,,,,,"int HowMuchIcecreamCanIMake(float nBiscuits, float nOfCups, float area)","returns the profit from selling a number of units where each units costs ""cost"" by selling with value ""price""",The amount of units sold,The cost to make each unit,The price each unit was sold at,,,,,,,MAX_NUMBER_OF_BENEFITS,expense,nBenefitsEntitled,
2018-05-23 17:56:47,2018-05-23 18:04:06,IP Address,71,439,False,2018-05-24 18:04:41,anonymous,HE,4,,,,,,,,,,,,,,,,,,,,,,,,,,,,,,,,,,,,,,,,,,
2018-05-24 22:58:23,2018-05-24 23:21:38,IP Address,100,1394,True,2018-05-24 23:21:39,anonymous,HE,4,,,,cheeseLoc,,,,,,,cheeseLocPast,labyrinth,boardState,"מבצע את התור לפי בקשת השחקן. בהינתן והתא בלוח פנוי הוא כותב על הלוח, אחרת מציג שגיאה לשחקן",מייצג את מספר השורה בלוח,מייצג את מספר התור בלוח,boardDisplay(list boardMat),,,,,,size,ממיין את במבנה נתונים לפי שמות הקבצים,רשימה של files,True אם זה הצליח למיין וFalse אם מסיבה כולשהי לא,"canIncreasw(file f,int space)",,,,,,,,,,,,benefitsLimit,LowBoundILS,numOfBenefitsAllowed,canUseBenefit(user u)
2018-05-21 23:18:00,2018-05-21 23:20:44,IP Address,46,163,False,2018-05-25 19:30:41,anonymous,HE,4,,,,,,,,,,,,,,,,,,,,,,,,,,,,,,,,,,,,,,,,,,
2018-05-21 13:09:33,2018-05-23 09:07:06,IP Address,19,158252,False,2018-05-25 19:34:03,anonymous,HE,4,,,,,,,,,,,,,,,,,,,,,,,,,,,,,,,,,,,,,,,,,,
2018-05-21 13:44:38,2018-05-21 13:48:26,IP Address,25,227,False,2018-05-25 19:36:27,anonymous,HE,4,,,,,,,,,,,,,,,,,,,,,,,,,,,,,,,,,,,,,,,,,,
2018-05-26 18:05:27,2018-05-26 18:22:20,IP Address,100,1013,True,2018-05-26 18:22:21,anonymous,HE,4,cheeseLocation,visited,maze,,,,,,,,,,,,,,,,,,,,,,,,,,,,,,,,,,,,,,,
2018-05-27 09:47:17,2018-05-27 10:03:23,IP Address,100,965,True,2018-05-27 10:03:23,anonymous,HE,4,,,,,,,,,,,,,Board,The program has a global var for the current player. And so it puts the current player at row row and column col,The row for putting the player,The col for putting the player,Print_board,,,,,,,,,,,,,,,,,,,,,,,,,
2018-05-27 09:45:42,2018-05-27 10:18:16,IP Address,100,1954,True,2018-05-27 10:18:16,anonymous,HE,4,,,,,,,,,,,,,game_state,It paints X or O in the right position,The row that the player picked,The column that the player picked,display_noard(board),,,,,,,,,,,how_many_can_make(),What the profit of all the units,How many units of ice cream he have,What is the production cost,The price hr sells every unit,,,,,,,,,,
2018-05-27 11:57:59,2018-05-27 12:07:00,IP Address,100,541,True,2018-05-27 12:07:00,anonymous,HE,4,,,,,Return payment according to the hours worked,How much I worked,Pay per hour,Hours*pay,weeklyHours,OVERTIME_PAY,,,,,,,,state,Write o or x,Which row,Which col,printState,,,,,,,,,,,,,,,,,MAX_BENEFITS,ONE_BENEFIT,numBenefits,"calcBenefits(entitled, used)"
2018-05-27 09:59:18,2018-05-27 15:18:47,IP Address,100,19169,True,2018-05-27 15:18:48,anonymous,HE,4,,,,,,,,,,,,,,,,,,,,,,,,,,,,,,,,,,,,,,,,,,
2018-05-26 15:29:24,2018-05-26 15:46:04,IP Address,80,1000,False,2018-05-27 15:46:20,anonymous,HE,4,,,,CurrentCheeseLocation,,,,,,,LocationsVisited,labyrinth,,,,,,,,,,,,,,,,,,,,,,,,,,,,,,
2018-05-27 17:04:05,2018-05-27 17:20:12,IP Address,100,967,True,2018-05-27 17:20:13,anonymous,HE,4,,,,,Calculates the wage that the employer must pay to the employee,"
The working hours that the employee worked","
General payment",,MIN_HOUR,OVER_WAGE,,,,,,,,,,,,,,,,,,Num_able,Price - cost,Ammount,Money,Selling price,,,,,,,MAX_BENEFITS,MIN_SHEKELS,cur_benefits,have_remain
2018-05-27 16:43:05,2018-05-27 16:49:02,IP Address,52,357,False,2018-05-28 09:51:34,anonymous,HE,4,,,,,,,,,,,,,,,,,,,,,,,,,,,,,,,,,,,,,,,MaxNumOfBenefits,ValueOfBenefit,NumofBenefits,"Boolean CheckHaveBenefits (int entitledbenefits, int usedBenefits)"
2018-05-27 16:20:23,2018-05-27 19:03:49,IP Address,68,9805,False,2018-05-28 10:06:06,anonymous,HE,4,,,,,,,,,,,,,boardState,"Name in the given position an X or a circle according to the ratio of Xs and circles (ie put the appropriate sign)
","In what line to put the mark
","
In which column to put the mark",public void displayBoard(self),,,,,,,,,,,,,,,,,,,,,,,,,
2018-05-28 23:35:45,2018-05-28 23:58:24,IP Address,100,1359,True,2018-05-28 23:58:24,anonymous,HE,4,,,,,Calculates wage of worker by multiplying hourly wage in hours,Knowing how many hours worker worked,Hourly wage,Return (hours*rate)i,Basic_time,Over_pay,,,,,,,,,,,,,,,,,,"(Public int quantity( int chocko, int vanilla,int paper",Calculates how much money can he make by selling sandwiches in number units,To multiply difference of price-cost,To calculate how much sandwiches cost to seller,To know in how much he sells them,,,,,,,,,,
2018-05-23 15:58:54,2018-05-23 16:25:37,IP Address,77,1603,False,2018-05-24 16:25:48,anonymous,HE,29,,,,,,,,,,,,,,,,,,game,initialyze the cell for input,specify the row index of the next input,same answer as for row,void DrawGrid(),,,,,,,,,,,,,,,,,,,,
2018-05-23 00:16:37,2018-05-23 00:39:45,IP Address,100,1388,True,2018-05-23 00:39:46,anonymous,HE,28,,,,,,,,,,,,,,,,,,,,,,,,,,,,,,,,,"Determine whether the elevator was requested at a level (var1) that was higher or lower than its current level (var), and then set the direction of movement and the amount of floor to move (var3)",requested_pos,current_pos,delta_pos,door_open (boolean),door_open = FALSE go_down(current_pos) door_open = TRUE  for i in 1..max_floors-1 do: door_open = FALSE go_up(1) door_open = TRUE  door_open = FALSE # Final close,,,,
2018-05-23 11:36:34,2018-05-23 15:24:47,IP Address,100,13693,True,2018-05-23 15:24:48,anonymous,HE,27,,,,cheese_location,,,,,,,areas_already_visited,labyrinth_areas_graph,,,,,,,,,,,,,,,,,,,,,gets the elevator to the floor defined in var1 from the current floor (var2),destination_floor,curr_floor,num_floors_to_move,door_state,sort all input destination floor into dest_floors_vec. create diff_vec = dest_floors_vec[i+1] -    dest_floors_vec[i ] for each i handle the special case  of starting  go_up(diff_vec[i]) for each i,,,,
2018-05-23 07:34:29,2018-05-23 08:35:55,IP Address,100,3685,True,2018-05-23 08:35:55,anonymous,HE,25,,,,,,,,,,,,,,,,,,,,,,,,,,,,,,,,,הקוד שולח את המעלית מהקומה הנוכחית ליעד,currentFloor,destinationFloor,floorDistance,"isOpened un cases that the state is Boolean, doorState otherwise",for i in range(n): go_up(1) open_door() close_door(),,,,
2018-05-23 08:51:58,2018-05-23 09:33:11,IP Address,93,2472,False,2018-05-24 09:33:36,anonymous,HE,25,,,,,,,,,,,,,,,,,,,,,,,m_nSize,sorts the files in the 'files' container by alphabetical order,it is an in/out parameter. It is an ordered container (vector / array) of the the file class mentioned in the 1st question.,void,"No need for such function. The function does not need the file argument. If we insist then: CanFileBeEnlarged(cFile, nAdditionalFileSize, nAvailableDiskSpace)",,,,,,"compares the current floor with the destinated floor, and goes up or down accordingly by th delete between them",nDstfloor,nCurrentFloor,nNumOfFloorsToMove / nDeltaFloor,bIsDoorOpen,,,,,
2018-05-27 12:03:34,2018-05-27 12:33:46,IP Address,100,1812,True,2018-05-27 12:33:46,anonymous,HE,25,CurrentCheeseLocation,MouseVisitedLocations,Universe,,,,,,,,,,,,,,,,,,,,,,,,,,,,,,,,,,,,,,,
2018-05-27 14:00:05,2018-05-27 18:06:48,IP Address,100,14802,True,2018-05-27 18:06:48,anonymous,HE,25,,,,,,,,,,,,,current_state,Places a x or o at that location,,,plot (current_state),,,,,,,,,,,"def how_many_sandwitches(b, v, p)",(price-cost)*units,,,,,,,,,,,,,
2018-05-22 09:28:37,2018-05-22 09:52:36,IP Address,100,1439,True,2018-05-22 09:52:36,anonymous,HE,19,,,,,,,,,,,,,cState,"calculates whose turn it is according to some global variable, checks if a move is legal, and changes the state of the board (must be global or shared variable, too)",that's the y coordinate ...  it's an input to the function.. the question is unclear,"that's the x-coordinate, input to the function..",display_state(cState),,,,,,fsize,sorts files by a property storing base name of files,it's a list (array) of objects of type file. it is an input of the function...,"list (or array) of the files, the type of returned variable is the same as the input.","is_realloc_ok(newsize,available)",,,,,,,,,,,,max_benefits_per_month,benefit_value,cntBenefits,"def is_balance_positive (nBenefits_Month,nBenefits_Used): return nBenefit_Month-nBenefits_Used&gt;0"
2018-05-23 06:32:33,2018-05-23 06:52:43,IP Address,100,1210,True,2018-05-23 06:52:44,anonymous,HE,19,,,,,calculates the paycheck of an employee based on number of hours and hourly rate.,he hours parameter indicates the number of hours that a given worker worked,the pay parameter is the hourly pay of the worker,"float pay(int hours, float rate) {       return hours * rate; }",FULL_TIME_WEEKLY_HOURS,FULL_TIME_HOURLY_OVERTIME_PAY,,,BoardState,"makes a turn by marking X or O (depending on the current player) in box (row,col)",the row parameter indicates the row in the board game to mark the next move,the row parameter indicates the column in the board game to mark the next move,void displayBoard(),,,,,,,,,,,,,,,,,,,,,,,,,
2018-05-23 09:08:28,2018-05-23 09:19:27,IP Address,100,658,True,2018-05-23 09:19:28,anonymous,HE,19,,,,currentCheeseLocation,,,,,,,visitedLocations,Maze,,,,,,,,,,,,,,,,,,,,,,,,,,,,,,
2018-05-21 16:16:33,2018-05-21 16:30:03,IP Address,48,809,False,2018-05-25 19:36:37,anonymous,HE,17,,,,,,,,,,,,,,,,,,grid,Marks either an x or a y at the designated position,y position,x position,()grid.draw,,,,,,,,,,,Go up/down the correct number of floors to reach the destination floor,destinationFloor,currentFloor,numberOfFloors,isDoorClosed,i=0 while i &lt; numFloors (go_up(1 ()openDoor,,,,
2018-05-21 12:49:56,2018-05-21 13:34:16,IP Address,100,2660,True,2018-05-21 13:34:17,anonymous,HE,16,,,,,,,,,,,,,,,,,,,,,,,,,,,,,,,,,,,,,,,,,,
2018-05-21 13:21:29,2018-05-21 14:01:17,IP Address,100,2387,True,2018-05-21 14:01:18,anonymous,HE,15,,,,,,,,,,,,,,,,,,,,,,,,,,,,,,,,,,,,,,,MAX_BENEFITS_PER_MONTH,ILS_PER_BENEFIT,currentBenefitsEntitlement,"bool canUseBenefit(int currentBenefitsEntitlement, int currentBenefitsUsed);"
2018-05-23 18:46:31,2018-05-23 19:04:04,IP Address,95,1052,False,2018-05-24 19:04:25,anonymous,HE,15,,,,,,,,,,,,,MBoard,Sets an x or o in the specified location,Defines placement row,Defines placement column,DisplayBoard(step),,,,,,MfileSize,Returns a list of files sorted alphanumerically,A list or array of the files to be sorted,A sorted list or array,"CheckFileIncrease(file,newSize,spacer)",,,,,,,,,,,,,,,
2018-05-21 15:49:34,2018-05-21 19:40:51,IP Address,15,13876,False,2018-05-25 19:35:28,anonymous,HE,14,,,,,,,,,,,,,,,,,,,,,,,,,,,,,,,,,,,,,,,,,,
2018-05-21 15:00:14,2018-05-21 15:10:01,IP Address,100,586,True,2018-05-21 15:10:01,anonymous,HE,13,,,,,,,,,,,,,,,,,,game_state,"I'd guess it places the current player's symbol in the cell at (row, col) and switches the active player. make_turn sounds meh in English, maybe 'play_turn' or 'make_move'",The row in which the player placed his symbol.,The column in which the player placed his symbol.,draw_state(game_state),,,,,,,,,,,,,,,,,,,,
2018-05-21 20:27:32,2018-05-21 22:39:10,IP Address,100,7897,True,2018-05-21 22:39:10,anonymous,HE,13,,,,,pays the employee the salary s/he deserves.,holds how many hours the worker has been working since s/he was last payed.,the name of the method / function,"bank.transfer(company.bankAccount, employee.bankAccount, hours * rate)",FULLTIME_WEEKLY_WORK_HOURS,overtimeHourlyWage,,,,,,,,,,,,,,,,,,"int calculatePotentialSandwiches(int numBiscuits, float numVanillaCups, long paperLengthCm, long paperWidthCm)",Computes the net income from selling x units that cost y each to manufacture for the price of y each.,How many sandwiches were produced,The production cost that went into making one unit,The price one unit was sold by,,,,,,,MAX_MONTHLY_BENEFITS,BENEFIT_THRESHOLD,numBenefitsForMonth,"bool clientHasBalance(Client client, int numBenefitsForMonth, int numUsedBenefits)"
2018-05-21 23:15:25,2018-05-22 00:04:09,IP Address,100,2924,True,2018-05-22 00:04:10,anonymous,HE,13,curLoc,visited,Matrix,,,,,,,,,,,,,,,,,,,,m_fileSize,Sort the files alphabetically by their name in acsending order,The parameter is a collection (list) of strings,Void. In place ordering,"Bool isEnoughSpace(File f, unsigned int enlarge, unsigned int available)",,,,,,,,,,,,,,,
2018-05-21 15:50:36,2018-05-21 16:35:19,IP Address,82,2682,False,2018-05-25 19:36:07,anonymous,HE,13,,,,cur_cheese_loc,,,,,,,visited_rooms,labyrinth,,,,,,current_board_status,tells in which cell you mark your x or 0,The row 'coordination' of where to 'write' the x or o,The col 'coordination' of where to 'write' the x or o,"display_board(current_board_status, turn)",,,,,,,,,,,,,,,,,max_benefits,benefit_entitlement,accumulated_benefits,"use_benefit(accumulated_benefits, used_benefits)"
2018-05-21 16:19:49,2018-05-21 16:31:28,IP Address,35,698,False,2018-05-25 19:36:36,anonymous,HE,13,,,,,,,,,,,,,,,,,,,,,,,,,,,,,,,,,,,,,,,,,,
2018-05-27 16:52:47,2018-05-27 17:04:33,IP Address,100,705,True,2018-05-27 17:04:33,anonymous,HE,13,curCheeseLocation,visitedLocations,mazeDescriptor,,,,,,,,,,gameBoard,"places a piece at (row, col) according to the current turn",Location of row,Location of column,displayBoard(gameBoard),,,,,,,,,,,,,,,,,,,,,,,,,
2018-05-21 12:49:32,2018-05-21 13:19:22,IP Address,100,1790,True,2018-05-21 13:19:23,anonymous,HE,12,,,,Current_cheese_location,Pays the worker his/her wage (hours*rate).,Defines the number of hours worked this month.,"There is no parameter named ""pay"". ","void worker::pay(double hours, double rate){ this.wage += hours*wage }",STANDARD_PAY_HOURS,overtime_rate,visited,maze,board,Performs a move on the board (changing it).,It defines the row of the selected move.,Defines the column of the selected move.,void board::display(void) const;,,,,,,,,,,,"Int number_of_sandwiches(int biscuits, double icecream, int wrappers)",Calculates the profit (price of ingredients- income) from the given number of sandwiches.,It tells us hiw many sandwiches we have.,How much it costs to produce a sandwich.,How much we sell and icecream sandwich for.,Moves the elevator up and down.,dest_floor,src_floor,floor_diff,is_open,For floor in floors: Go_up(1) Open() Close(),,,,
2018-05-23 19:29:50,2018-05-23 19:33:33,IP Address,95,223,False,2018-05-24 19:33:43,anonymous,HE,12,,,,,Pay based on,,,,,,,,,,,,,,,,,,,,,,,,,,,,,,,,,,,,,
2018-05-25 13:15:50,2018-05-25 14:24:41,IP Address,100,4131,True,2018-05-25 14:24:42,anonymous,HE,12,locCheeseLocation,"lstVisitedRooms (אפשר לחלק את המבוך ל""חדרים"" ו""מעברים"" ולשמור אותם. כל ""חדר"" הוא מבוי סתום).","mzMaze. שמכיל את מיקום הגבינה, מיקום העכבר הנוכחי, רשימת החברים שהעכבר ביקר בהם. ועץ החדרים(/מעברים). חדרים הם data structure קצת יותר מורכב אם לא מדובר במבוך עם מעברים מלבניים.",,,,,,,,,,,,,,,"למה החלק הזה של השאלון באנגלית? לא אוהב כל כך את ההתייפיפות סביב ישראלים בישראל שמדברים אנגלית, במגזר ההייטק... לא מסתדר לי אידיאולוגית. לעניין השאלה: קלאסי לממש מטריצה (מערך של מערכים) שמכיל enums של: ריק, איקס, עיגול","מכיוון שלא קיים פרמטר איקס/עיגול, יש להניח שמדובר במתודה של אובייקט השחקן, כך שניתן לדעת על ידי זהות השחקן האם הוא איקס או עיגול. המתודה הזו אמורה לעשות כמה דברים:  1. לבדוק אם ניתן לסמן בלוח את הסימון החדש - אם לא (המשבצת תפוסה), להחזיר שגיאה.  2. לסמן את הסימון החדש במשבצת אם היא פנויה. 3. לבדוק אם יש נצחון לאחר הסימון החדש.",לציין את השורה של המשבצת בה מתבצע הסימון החדש,לציין את העמודה של המשבצת בה מתבצע הסימון החדש,"התצוגה בדרך כלל רצה ב-thread נפרד, כך שפעולה שמתבצעת לא תתקע את ה-GUI. אם אני שומר את מצב הלוח במטריצה של enums, אז הייתי משתמש ב-updateBoardPresentation(matrix) כדי לעדכן את תצוגת הלוח.",dFileSize,נשמע אשכרה שמדובר כאן בטעות תרגום... מניח שמדובר ב-sort ולא ב-arrange (שהמשמעות שלו שונה). והיא מחזירה רשימה מסודרת של הקבצים לפי סדר אלפביתי.,"List של אובייקט File שמכיל Size,Name.",רשימת קבצים מסודרת לפי שם אלפביתי.,"bool IsEnoughSpaceForFileEnlarge(File file, double dNewSize, FileSystem fsFileSystem). כמובן שבתרחיש כזה לא מספיק לדעת *כמה* מקום פנוי יש על הדיסק, צריך גם לדעת כמה מקום פנוי רצוף יש על הדיסק. ה-FileSystem כבר ינהל איפה לשים את הקובץ. אם הייתי מקבל פרמטר כמה מקום פנוי רצוף הכי גדול יש על הדיסק, לא הייתי צריך פונקציה כדי לממש את הבדיקה הזו. בשורה אחת הייתי בודק. את הקובץ עצמו צריך רק כדי לחשב את המקום הפנוי הכי גדול על הדיסק כולל המקום של הקובץ הנוכחי, כמובן.",,,,,,,,,,,,MAX_BENEFITS_PER_MONTH,PRICE_FOR_BENEFIT,nEntitledBenefits,"bool IsEnoughBenefitsLeft(int nEntitledBenefits, int nUsedBenefits)"
2018-05-21 22:03:03,2018-05-21 22:17:41,IP Address,84,877,False,2018-05-25 19:33:42,anonymous,HE,12,,,,,,,,,,,,,,,,,,gameBoard,Play the next player turn In the given position,Indicates the row in the game grid the current user choose to play,Indicates the column in the game grid the current user choose to play,displayBoard(board),,,,,,"int getNumOfSandwiches(int biscuits, int iceCreamCups, int wrappingPaperWidth, int wrappingPaperHeight)",Calculate the profit given the number of units sold at the given price (per unit) taking Into account the cost for each unit,Number of units sold,The cost of single unit,The price of a single unit,,,,,,,MAX_BENEFITES_PER_MONTH,AMOUNT_PER_BENEFIT,current_month_benefits_count,"boolean canUseBenefit(int totalBenefits, int usedBenefits)"
2018-05-21 22:27:25,2018-05-21 22:43:03,IP Address,100,938,True,2018-05-21 22:43:06,anonymous,HE,11,,,,,,,,,,,,,,,,,,,,,,,,,,,,,,,,,,,,,,,,,,
2018-05-21 23:54:18,2018-05-22 00:06:20,IP Address,100,722,True,2018-05-22 00:06:21,anonymous,HE,11,,,,,,,,,,,,,,,,,,,,,,,,,,,,,,,,,,,,,,,,,,
2018-05-21 15:44:50,2018-05-21 15:53:59,IP Address,87,549,False,2018-05-25 19:36:39,anonymous,HE,11,,,,,,,,,,,,,,,,,,game_state,"place X/O in (row,col) (should get whos turn?)",row,col,print_game(game_state),,,,,,,,,,,,,,,,,,,,
2018-05-27 17:34:50,2018-05-27 17:46:47,IP Address,100,717,True,2018-05-27 17:46:47,anonymous,HE,11,,,,,pays an employee for given hours at a given rate,how many hours to pay for,there is no pay param,return hours*rate,FULL_TIME_CAP,OVERTIME_WAGE,,,,,,,,grid,"puts an X or O in the given location, depending on which players turn it is",the row where the X or O should be marked,the column where the X or O should be marked,draw_grid(grid),,,,,,,,,,,,,,,,,,,,
2018-05-21 14:44:14,2018-05-21 15:03:49,IP Address,100,1174,True,2018-05-21 15:03:49,anonymous,HE,10,,,,,,,,,,,,,,,,,,,,,,,,,,,,,,,,,Picks the direction of the rotor and moves the elevator to the correct floor (how many floors up or down),Destination_floor,Current_floor,Number_of_floors,Door_state,Missing the following variables (list of pressed buttons and top floor) Sorted_pressed = sort(pressed_buttons)  While(sorted_pressed)  Call last function you wrote With pop(sorted_presses) and current_floor,,,,
2018-05-21 18:16:41,2018-05-21 18:38:42,IP Address,100,1321,True,2018-05-21 18:38:43,anonymous,HE,10,,,,cheese_location,,,,,,,visited,labyrinth,,,,,,board_state,"For the current user, mark its symbol on the board in the given location",To specify the row in which we would like to mark X or O.,To specify the column in which we would like to mark X or O.,draw_grid(board_state),file_size,sort the files according to filename (from a to z). I don't know if it causes change in the system or just return the list.,it is the data structure containing the files,I don't know if it causes change in the system and returns nothing or returns the sorted list of files (list of pointers to the file obect),"isValidIncrease(file, addSpaceSize, freeSpaceSize)",,,,,,,,,,,,,,,
2018-05-21 20:02:04,2018-05-21 20:28:19,IP Address,100,1574,True,2018-05-21 20:28:20,anonymous,HE,10,TODAY_CHEESE_LOCATION,visitedLocations,maze,,Multiplies the two and returns,The number of hours for which to pay,There is no pay parameter,Return hours*rate,FULL_TIME_HOURS,OVERTIME_RATE,,,,,,,,,,,,,size,Sorts in-place,"Files to sort, type array",void,"bool canIncreaseFilSize(file,byAmount,diskCapacity)",,,,,,,,,,,,,,,
2018-05-21 22:14:35,2018-05-21 22:50:00,IP Address,100,2125,True,2018-05-21 22:50:01,anonymous,HE,10,targetPosition,visitedPositions,mazeMap,,,,,,,,,,,,,,,,,,,,,,,,,,,,,,,,,,,,usedBenefitsCount,minAccumulatedTarget,currentBenefitsCount,"stillHasBenefits(int totalBenefits, int usedBenefits)"
2018-05-21 13:50:40,2018-05-22 02:40:20,IP Address,100,46180,True,2018-05-22 02:40:21,anonymous,HE,10,,,,,,,,,,,,,curr_board,"Puts either o or x in the (row,col) position, according to the current player that is playing.",An index of the rows.,An index of the columns.,draw_board(Board board),,,,,,,,,,,,,,,,,,,,,,,,,
2018-05-23 09:20:48,2018-05-23 09:30:30,IP Address,100,582,True,2018-05-23 09:30:31,anonymous,HE,10,,,,,,,,,,,,,,,,,,,,,,,,,,,,,,,,,,,,,,,,,,
2018-05-23 10:18:55,2018-05-23 10:52:59,IP Address,100,2043,True,2018-05-23 10:52:59,anonymous,HE,10,,,,,receives the number of hours of work  and the rate per hour  and returns the product which is the sum to pay,number of hours of work,sum to pay,"def pay (hours, rate): 	return hours * rate",C_weeklyWorkHours,overtimeRate,,,,,,,,gridState,i have no idea . speculation: requesting player input,location in grid by row,location in grid by column,displayGrid(),,,,,,,,,,,"var2=currentFloor, var1=designatedFloor, var3=numOfFloorsToGo the code determines the direction that elevator should take, and initiates the required function, according to current and designated floor data.",var1=designatedFloor,var2=currentFloor,var3=numOfFloorsToGo,doorState,"def travel (startFloor, endFloor):   if startFloor &lt; endFloor:      for floor in startFloor+1..endFloor:         go_up(floor)         openDoor         waitForDoor2Close   else        for floor in endFloor-1..startFloor:          go_down(floor)          openDoor          waitForDoor2Close  currentFloor=0 targetFloor=C_topFloor travel (currentFloor, C_topFloor)",C_benefitsPerMonth,C_EntitlingSum,currentMonthBenefitsCount,"benefitsCurrentBalance(currentMonthBenefitsCount, currentMonthUsedBenefitsCount)"
2018-05-23 09:42:19,2018-05-23 11:10:22,IP Address,100,5283,True,2018-05-23 11:10:23,anonymous,HE,10,,,,cheese_location,,,,,,,locations_visited,labyrinth_data,,,,,,game_grid,update the game_grid with a new turn,location index for the row in regards to where the action happens,location index for the col in regards to where the action happens,display_game_grid(game grid),,,,,,,,,,,,,,,,,,,,
2018-05-23 10:03:18,2018-05-23 10:10:47,IP Address,79,449,False,2018-05-24 10:11:02,anonymous,HE,10,,,,current_cheese_location,It calculates the pay the employee should get,To represent the amount of hours an employee worked,Pay is not a parameter,"def pay(hours, rate):     return hours*rate",HOURLY_WAGE_PAY_INCREASE_THREs,SHOLD,rooms_visited,maze,,,,,,,,,,,,,,,,,,,,,,,,,,,,,,
2018-05-21 19:20:54,2018-05-21 19:32:53,IP Address,57,719,False,2018-05-25 19:35:29,anonymous,HE,10,,,,,,,,,,,,,,,,,,,,,,,,,,,,,,,,,מחליט האם המעלית צריכה לעלות או לרדת,i_dest_floor,i_src_floor,i_delta_floor,b_elevator_door_state,"for(int i=0, i",,,,
2018-05-21 17:42:45,2018-05-21 17:44:43,IP Address,62,118,False,2018-05-25 19:35:38,anonymous,HE,10,,,,,,,,,,,,,,,,,,,,,,,,,,,,,,,,,,,,,,,,,,
2018-05-26 15:53:20,2018-05-26 18:08:57,IP Address,100,8137,True,2018-05-26 18:08:57,anonymous,HE,10,,,,cheeseCoordinates,,,,,,,visitedRooms,labyrinthGraph,matState,"מסמנת את האות של השחקן במיקום המבוקש, ובודקת האם יש ניצחון.",מציין שורה בלוח.,מציין עמודה בלוח.,PrintMatState(matState),,,,,,,,,,,,,,,,,,,,,,,,,
2018-05-26 19:30:29,2018-05-26 19:57:19,IP Address,100,1610,True,2018-05-26 19:57:20,anonymous,HE,10,,,,,,,,,,,,,,,,,,,,,,,,,,,,,,,,,move the elevator to the desirable floor,desirableFloor,currentFloor,numOfFloorToMove,currentDoorsState,while(!top_floor): open_doors() close_doors() go_up(1)  //top floor open_doors(),private static int MAX_BENEFITS_PER_MONTH = 4;,private static int MONEY_FOR_BEFIT = 2000;,private int currentMonthBenefitsNum;,"private static boolean isCanUserUseBenefit(int thisMonthBenefits, int usedBenefits);"